file_name,positive,negative,net_value,total_words,business,cc_words,environment_word,gen_word,philanthrophy,product,sh_value_value,value_cr_value,labor_relation_value,labor_cost_value,health_value,evaluation_value,demo_value,diversity_value,attract_value,net_ratio,posi_ratio,nega_ratio,name,year
0090.HK,8,17,66,21,13,20,22,3,1,0,0,0,1,12,22,3,19,13,13,54,24,41,00090.pdf,88
2127.HK,8,17,66,13,9,2,8,3,0,0,0,4,0,14,15,3,13,11,9,39,38,66,02127.pdf,88
2066.HK,22,16,81,23,7,7,7,6,6,0,0,4,6,8,7,6,24,25,7,75,59,35,02066.pdf,88
3669.HK,8,12,74,11,6,5,6,2,11,0,0,4,11,6,10,2,17,10,6,54,45,52,03669.pdf,88
0396.HK,2,2,82,4,1,1,4,0,1,0,0,0,1,2,3,0,4,3,1,64,37,36,00396.pdf,88
2048.HK,9,11,76,17,4,5,5,0,4,0,0,0,4,11,7,0,24,14,4,65,33,34,02048.pdf,88
0257.HK,19,17,77,48,6,9,21,2,1,0,0,4,1,23,13,2,11,11,6,74,25,18,00257.pdf,88
2599.HK,28,24,75,45,11,8,10,4,17,0,0,4,17,16,20,4,28,33,11,72,39,27,02599.pdf,88
3319.HK,31,25,77,35,14,13,16,5,20,33,33,9,20,18,25,5,43,41,14,73,56,36,03319.pdf,88
1093.HK,25,29,65,30,12,7,16,3,11,0,0,4,11,20,29,3,33,26,12,59,51,49,01093.pdf,88
0291.HK,25,28,66,43,14,19,22,7,11,0,0,9,11,24,29,7,36,29,14,66,35,33,00291.pdf,88
1321.HK,8,9,78,14,5,6,8,2,4,0,0,0,4,11,9,2,16,10,5,66,35,32,01321.pdf,88
0416.HK,26,32,63,32,8,9,11,9,3,33,33,9,3,11,15,9,35,28,8,59,50,49,00416.pdf,88
0034.HK,5,7,78,11,6,5,10,4,6,0,0,0,6,3,6,4,14,9,6,62,31,35,00034.pdf,88
1711.HK,5,9,76,17,3,2,3,1,3,0,0,0,3,3,4,1,13,10,3,64,20,26,01711.pdf,88
0672.HK,7,12,73,14,6,5,7,1,11,0,0,0,11,14,12,1,20,11,6,57,32,41,00672.pdf,88
0341.HK,24,23,74,33,7,3,16,10,3,0,0,4,3,9,12,10,24,25,7,69,46,34,00341.pdf,88
0157.HK,7,14,69,17,5,3,9,4,0,0,0,0,0,8,12,4,12,12,5,53,27,43,00157.pdf,88
1146.HK,5,5,81,5,3,4,9,2,3,0,0,4,3,3,4,2,7,4,3,62,57,49,01146.pdf,88
0423.HK,3,3,82,4,3,2,5,0,3,0,0,0,3,2,2,0,6,4,3,67,47,38,00423.pdf,88
6186.HK,22,21,74,25,7,5,14,3,6,0,0,0,6,14,16,3,23,26,7,67,55,42,06186.pdf,88
6969.HK,16,19,71,20,8,4,10,5,1,0,0,14,1,13,15,5,17,14,8,59,50,48,06969.pdf,88
1292.HK,22,19,77,24,13,10,15,3,0,0,0,14,0,9,28,3,29,23,13,70,55,39,01292.pdf,88
3678.HK,25,22,76,35,10,5,6,3,1,0,0,4,1,9,9,3,35,24,10,72,44,31,03678.pdf,88
3818.HK,7,9,77,10,5,4,7,1,3,0,0,0,3,4,7,1,12,10,5,59,43,45,03818.pdf,88
0609.HK,9,10,77,15,6,3,14,1,4,0,0,0,4,8,17,1,12,8,6,66,40,35,00609.pdf,88
8232.HK,2,4,80,4,4,1,3,0,3,0,0,0,3,3,5,0,5,3,4,48,38,55,08232.pdf,88
1446.HK,10,17,68,18,10,6,18,7,6,0,0,4,6,9,12,7,22,16,10,54,34,46,01446.pdf,88
8510.HK,3,6,78,5,1,1,4,0,0,0,0,0,0,4,3,0,9,3,1,46,38,57,08510.pdf,88
0152.HK,9,18,66,16,11,14,13,4,0,0,0,0,0,13,15,4,15,13,11,48,34,54,00152.pdf,88
8328.HK,5,10,73,13,5,8,8,0,3,0,0,0,3,7,8,0,16,9,5,55,23,39,08328.pdf,88
1262.HK,13,13,77,17,6,4,8,2,9,0,0,0,9,6,12,2,19,16,6,66,47,39,01262.pdf,88
1753.HK,11,16,71,16,5,5,8,6,1,0,0,9,1,9,8,6,20,13,5,55,46,51,01753.pdf,88
9908.HK,17,15,78,18,7,10,10,4,1,0,0,4,1,10,22,4,22,15,7,70,58,40,09908.pdf,88
2101.HK,9,14,71,13,7,9,11,2,3,0,0,9,3,12,10,2,20,12,7,50,43,56,02101.pdf,88
1257.HK,21,41,44,50,29,17,54,23,0,0,0,9,0,42,47,23,36,33,29,55,25,41,01257.pdf,88
1987.HK,3,12,69,9,11,4,9,1,0,0,0,0,0,6,16,1,11,9,11,32,23,66,01987.pdf,88
1608.HK,13,21,65,19,11,12,25,4,0,0,0,4,0,8,14,4,14,14,11,49,42,56,01608.pdf,88
8646.HK,6,11,73,9,4,3,10,3,3,0,0,0,3,10,8,3,14,8,4,44,40,61,08646.pdf,88
8291.HK,2,4,79,4,2,1,4,1,1,0,0,0,1,3,6,1,4,3,2,46,34,56,08291.pdf,88
0420.HK,9,18,65,16,7,6,16,0,1,0,0,0,1,11,16,0,13,12,7,43,34,59,00420.pdf,88
2115.HK,3,6,78,4,4,4,3,0,0,0,0,0,0,3,6,0,5,4,4,44,43,62,02115.pdf,88
1747.HK,7,15,68,15,7,3,8,4,6,0,0,4,6,6,11,4,17,11,7,48,30,51,01747.pdf,88
8203.HK,3,5,79,5,3,2,3,0,1,0,0,0,1,5,6,0,7,5,3,50,42,54,08203.pdf,88
2738.HK,11,14,73,14,12,9,14,3,4,0,0,0,4,10,21,3,19,14,12,58,46,48,02738.pdf,88
1301.HK,22,27,65,25,17,7,31,9,0,0,0,4,0,15,27,9,32,24,17,56,54,54,01301.pdf,88
0868.HK,18,25,64,37,9,12,16,0,3,0,0,0,3,18,26,0,33,23,9,63,30,33,00868.pdf,88
0910.HK,3,5,78,7,3,0,5,0,3,0,0,0,3,8,4,0,12,5,3,59,23,35,00910.pdf,88
1066.HK,8,15,69,18,11,9,13,1,4,0,0,0,4,14,21,1,20,11,11,55,28,42,01066.pdf,88
6111.HK,22,19,77,27,8,10,10,3,30,0,0,0,30,13,17,3,25,23,8,71,50,35,06111.pdf,88
0568.HK,16,15,77,16,9,7,10,3,1,0,0,0,1,11,17,3,21,14,9,66,65,49,00568.pdf,88
8179.HK,3,7,76,7,4,3,6,1,0,0,0,0,0,4,6,1,10,7,4,47,33,55,08179.pdf,88
0573.HK,2,2,82,3,0,0,2,0,4,0,0,0,4,3,2,0,5,3,0,67,46,37,00573.pdf,88
0560.HK,9,14,72,15,4,3,7,1,0,0,0,9,0,5,14,1,18,11,4,56,39,47,00560.pdf,88
6677.HK,20,26,65,33,10,12,12,7,17,0,0,0,17,11,18,7,29,25,10,62,38,39,06677.pdf,88
1588.HK,19,16,79,18,5,6,7,4,3,0,0,4,3,20,10,4,28,18,5,70,63,43,01588.pdf,88
1184.HK,2,4,79,4,3,0,5,1,3,0,0,0,3,3,4,1,6,4,3,51,36,51,01184.pdf,88
2772.HK,24,24,71,37,6,5,9,2,17,0,0,14,17,12,15,2,21,26,6,68,40,33,02772.pdf,88
3323.HK,21,24,68,27,16,14,23,2,11,0,0,0,11,19,24,2,25,22,16,62,48,45,03323.pdf,88
1107.HK,20,25,65,34,11,22,16,3,4,0,0,9,4,21,17,3,31,31,11,62,35,37,01107.pdf,88
8045.HK,5,4,82,5,2,2,6,1,3,0,0,0,3,4,3,1,9,6,2,70,64,44,08045.pdf,88
8113.HK,2,2,83,2,1,1,3,0,0,0,0,0,0,1,1,0,4,3,1,69,49,37,08113.pdf,88
0765.HK,7,13,70,10,9,11,13,1,6,0,0,0,6,12,14,1,17,10,9,41,41,65,00765.pdf,88
0312.HK,10,17,69,21,7,8,11,5,0,0,0,4,0,8,18,5,21,11,7,58,31,41,00312.pdf,88
8073.HK,8,13,73,15,6,2,9,2,3,0,0,0,3,12,12,2,19,11,6,57,32,42,08073.pdf,88
8053.HK,9,13,72,13,9,12,14,2,4,0,0,0,4,10,11,2,11,11,9,52,41,52,08053.pdf,88
8391.HK,8,11,75,11,8,5,14,6,0,33,33,0,0,9,11,6,13,9,8,55,47,52,08391.pdf,88
0691.HK,13,17,71,18,8,6,13,1,8,0,0,0,8,8,20,1,13,15,8,58,44,46,00691.pdf,88
1875.HK,26,21,78,27,9,5,10,3,4,0,0,0,4,13,20,3,29,24,9,72,59,38,01875.pdf,88
8172.HK,1,4,79,4,2,3,2,0,0,0,0,0,0,2,4,0,8,5,2,44,24,52,08172.pdf,88
2728.HK,3,4,80,5,2,1,5,3,0,0,0,0,0,5,4,3,9,4,2,57,38,44,02728.pdf,88
6855.HK,17,24,65,20,8,4,10,4,11,33,33,4,11,15,19,4,20,26,8,51,54,60,06855.pdf,88
8607.HK,4,5,80,6,0,0,3,0,1,0,0,0,1,11,5,0,6,5,0,62,42,42,08607.pdf,88
8139.HK,5,8,77,8,2,0,7,1,1,0,0,0,1,8,8,1,11,6,2,56,38,46,08139.pdf,88
0123.HK,26,27,69,36,14,18,16,6,4,0,0,0,4,16,22,6,38,36,14,66,44,38,00123.pdf,88
2363.HK,3,4,80,5,3,1,4,0,1,0,0,0,1,7,5,0,7,5,3,55,40,48,02363.pdf,88
0753.HK,32,21,84,31,14,11,14,8,3,0,0,4,3,13,19,8,33,25,14,78,64,33,00753.pdf,88
0265.HK,8,16,68,14,5,4,10,3,0,0,0,0,0,12,10,3,15,13,5,48,36,55,00265.pdf,88
1528.HK,17,18,74,22,6,5,9,3,1,0,0,4,1,16,17,3,26,19,6,66,48,40,01528.pdf,88
0001.HK,63,51,70,64,27,30,58,20,11,0,0,9,11,25,26,20,55,53,27,72,61,40,00001.pdf,88
2382.HK,18,29,59,33,14,10,16,5,3,33,33,4,3,24,37,5,39,31,14,56,34,44,02382.pdf,88
3331.HK,19,25,65,30,12,14,20,7,0,0,0,14,0,26,25,7,28,29,12,60,39,42,03331.pdf,88
1842.HK,3,5,78,5,2,0,4,0,0,0,0,0,0,6,4,0,8,4,2,48,38,55,01842.pdf,88
1039.HK,7,13,70,15,9,12,13,4,0,0,0,0,0,6,9,4,14,8,9,52,29,46,01039.pdf,88
0227.HK,6,18,64,15,11,15,16,1,4,0,0,0,4,13,16,1,28,17,11,41,27,58,00227.pdf,88
0716.HK,14,15,76,22,6,8,12,6,3,0,0,0,3,10,16,6,19,15,6,68,39,33,00716.pdf,88
8178.HK,6,12,72,12,6,14,14,1,0,0,0,4,0,10,8,1,21,13,6,48,31,51,08178.pdf,88
1839.HK,22,20,75,29,12,8,16,4,1,0,0,14,1,17,23,4,21,23,12,70,46,35,01839.pdf,88
1075.HK,24,17,82,20,5,0,4,2,1,0,0,4,1,8,7,2,26,18,5,76,76,42,01075.pdf,88
8416.HK,6,9,75,9,6,9,8,1,4,0,0,0,4,7,8,1,17,10,6,52,40,51,08416.pdf,88
1623.HK,7,16,67,14,6,4,10,1,1,0,0,0,1,13,16,1,15,13,6,44,32,57,01623.pdf,88
1103.HK,7,11,74,11,7,1,8,2,3,0,0,4,3,10,17,2,13,12,7,52,39,51,01103.pdf,88
6816.HK,3,8,75,8,4,3,6,1,1,0,0,0,1,6,9,1,16,6,4,46,24,50,06816.pdf,88
1812.HK,10,17,68,16,9,8,15,2,0,0,0,4,0,19,14,2,20,13,9,50,40,54,01812.pdf,88
3383.HK,18,23,67,30,15,19,20,3,29,0,0,0,29,11,29,3,22,31,15,62,38,39,03383.pdf,88
0117.HK,11,24,59,28,16,6,26,2,3,0,0,4,3,24,29,2,23,16,16,52,25,43,00117.pdf,88
2007.HK,43,44,61,56,21,19,16,13,22,0,0,9,22,25,35,13,49,56,21,66,48,39,02007.pdf,88
9906.HK,5,9,75,10,3,2,6,1,1,0,0,0,1,5,8,1,19,15,3,55,33,45,09906.pdf,88
0522.HK,13,11,80,14,4,0,6,2,3,0,0,4,3,10,9,2,14,11,4,71,57,39,00522.pdf,88
8401.HK,5,11,72,9,5,1,7,2,1,0,0,4,1,8,9,2,15,8,5,43,37,61,08401.pdf,88
9993.HK,14,15,75,17,7,4,7,4,11,0,0,9,11,6,12,4,14,15,7,64,51,44,09993.pdf,88
9990.HK,10,15,71,15,7,3,8,4,4,0,0,0,4,17,12,4,21,14,7,54,43,52,09990.pdf,88
6900.HK,22,21,74,27,9,11,9,5,6,0,0,0,6,12,15,5,23,23,9,68,51,39,06900.pdf,88
0019.HK,39,45,56,51,27,28,57,22,8,0,0,0,8,17,16,22,31,48,27,62,47,43,00019.pdf,88
6805.HK,7,15,69,13,6,4,12,2,1,0,0,0,1,7,13,2,13,9,6,46,36,57,06805.pdf,88
6158.HK,27,21,78,42,11,11,10,3,16,0,0,0,16,11,13,3,25,28,11,74,40,26,06158.pdf,88
1901.HK,7,14,70,13,3,1,4,2,0,0,0,0,0,8,11,2,18,12,3,47,36,55,01901.pdf,88
3360.HK,26,31,64,39,14,25,21,5,8,0,0,19,8,16,28,5,43,42,14,63,41,40,03360.pdf,88
8249.HK,4,10,74,11,3,2,5,1,0,0,0,4,0,8,8,1,16,10,3,52,27,45,08249.pdf,88
2202.HK,41,39,67,55,25,23,21,4,4,0,0,0,4,24,29,4,43,62,25,69,47,35,02202.pdf,88
8491.HK,6,13,70,15,5,2,8,2,1,0,0,4,1,7,10,2,11,11,5,53,25,42,08491.pdf,88
0817.HK,33,20,86,34,14,16,15,7,12,0,0,4,12,16,17,7,23,33,14,80,59,29,00817.pdf,88
8360.HK,6,10,75,9,7,3,9,2,3,0,0,4,3,8,9,2,11,8,7,51,45,56,08360.pdf,88
6833.HK,3,7,76,8,2,0,2,0,3,0,0,0,3,5,4,0,8,5,2,52,28,46,06833.pdf,88
1120.HK,6,11,72,9,8,6,9,1,1,0,0,0,1,5,13,1,13,9,8,44,38,59,01120.pdf,88
6888.HK,3,4,80,5,4,5,5,1,1,0,0,0,1,3,6,1,7,4,4,58,34,41,06888.pdf,88
6127.HK,6,9,76,9,4,2,5,0,0,0,0,0,0,9,10,0,9,7,4,53,41,52,06127.pdf,88
3309.HK,4,8,75,9,4,3,5,1,0,0,0,0,0,2,5,1,7,6,4,51,28,46,03309.pdf,88
2099.HK,27,23,76,32,19,11,22,14,3,66,66,0,3,17,39,14,34,28,19,71,53,36,02099.pdf,88
1571.HK,8,15,70,13,9,9,13,2,0,0,0,0,0,8,15,2,19,11,9,47,37,55,01571.pdf,88
6822.HK,5,11,72,10,6,2,10,0,0,0,0,4,0,3,9,0,13,9,6,45,36,58,06822.pdf,88
1697.HK,21,12,87,19,5,4,5,1,53,0,0,14,53,6,9,1,20,16,5,83,68,31,01697.pdf,88
8512.HK,5,6,80,6,5,5,7,2,1,0,0,0,1,6,7,2,10,6,5,61,48,46,08512.pdf,88
8403.HK,4,7,78,6,2,1,5,0,0,0,0,0,0,6,5,0,11,6,2,52,45,55,08403.pdf,88
1823.HK,2,6,77,5,3,2,5,0,1,0,0,0,1,4,6,0,9,5,3,46,31,55,01823.pdf,88
8042.HK,3,4,79,4,0,0,1,1,0,0,0,0,0,5,2,1,10,5,0,52,38,51,08042.pdf,88
0698.HK,13,18,69,17,11,10,17,7,3,0,0,9,3,10,16,7,21,15,11,54,46,53,00698.pdf,88
0334.HK,17,22,67,22,12,6,12,6,1,0,0,0,1,9,31,6,21,19,12,57,47,50,00334.pdf,88
0346.HK,7,11,73,11,8,8,10,1,1,0,0,0,1,6,14,1,15,10,8,50,41,54,00346.pdf,88
0751.HK,7,10,75,11,7,8,10,4,0,0,0,0,0,6,9,4,11,11,7,56,37,46,00751.pdf,88
8036.HK,5,11,72,9,3,2,7,1,0,0,0,0,0,5,5,1,12,8,3,39,35,64,08036.pdf,88
1451.HK,4,9,75,7,7,8,10,1,1,0,0,0,1,7,11,1,11,6,7,43,40,62,01451.pdf,88
6100.HK,6,8,78,9,4,2,4,1,6,0,0,0,6,9,7,1,19,8,4,60,47,46,06100.pdf,88
8511.HK,6,10,74,8,5,4,7,1,1,0,0,0,1,2,7,1,12,8,5,46,45,61,08511.pdf,88
8066.HK,8,16,67,12,11,11,15,5,1,0,0,0,1,18,15,5,18,13,11,39,39,67,08066.pdf,88
1553.HK,5,5,80,7,7,2,9,1,3,0,0,4,3,12,10,1,7,6,7,64,42,38,01553.pdf,88
0840.HK,2,5,78,5,3,1,4,0,3,0,0,0,3,6,5,0,4,4,3,47,32,53,00840.pdf,88
8188.HK,5,9,74,9,6,4,10,0,1,0,0,0,1,2,8,0,10,9,6,49,33,52,08188.pdf,88
8191.HK,3,3,82,4,1,1,4,0,1,33,33,0,1,5,3,0,9,4,1,66,51,41,08191.pdf,88
6098.HK,28,28,70,37,11,3,9,5,4,0,0,0,4,21,17,5,43,41,11,67,48,38,06098.pdf,88
8420.HK,4,7,77,7,3,2,5,1,4,0,0,0,4,7,6,1,10,5,3,49,41,56,08420.pdf,88
0380.HK,6,12,71,13,6,3,10,3,0,0,0,4,0,11,13,3,15,11,6,50,27,47,00380.pdf,88
2885.HK,4,9,74,10,3,2,5,1,0,0,0,0,0,3,6,1,11,6,3,53,23,41,02885.pdf,88
1238.HK,19,25,65,25,11,5,12,4,12,0,0,4,12,16,18,4,23,22,11,57,46,49,01238.pdf,88
0460.HK,27,35,59,41,15,17,17,3,9,0,0,4,9,14,39,3,33,31,15,61,41,42,00460.pdf,88
2319.HK,38,33,71,39,20,13,31,12,17,0,0,4,17,11,20,12,29,39,20,69,60,42,02319.pdf,88
8076.HK,12,16,71,14,10,9,12,2,1,33,33,0,1,7,12,2,24,15,10,51,53,59,08076.pdf,88
1762.HK,5,10,74,12,5,3,6,0,0,0,0,0,0,8,5,0,12,9,5,57,29,40,01762.pdf,88
0119.HK,8,10,76,13,5,4,6,1,3,0,0,0,3,5,10,1,13,10,5,62,37,39,00119.pdf,88
9916.HK,7,14,70,14,5,6,7,4,0,0,0,0,0,7,8,4,15,12,5,49,33,51,09916.pdf,88
3868.HK,25,33,59,32,22,76,32,5,3,0,0,0,3,23,45,5,31,27,22,56,48,51,03868.pdf,88
1052.HK,16,25,63,24,18,7,9,5,0,0,0,0,0,12,29,5,23,28,18,52,43,53,01052.pdf,88
0968.HK,35,34,68,54,20,49,44,6,11,0,0,4,11,34,33,6,34,30,20,69,39,31,00968.pdf,88
9909.HK,10,13,74,14,6,3,8,2,3,0,0,0,3,10,10,2,22,14,6,58,42,46,09909.pdf,88
0829.HK,14,25,60,20,10,12,15,2,6,0,0,0,6,21,23,2,25,20,10,45,42,61,00829.pdf,88
8657.HK,6,13,71,11,5,4,5,0,0,0,0,0,0,11,8,0,14,11,5,44,37,60,08657.pdf,88
6113.HK,4,3,82,5,2,1,2,0,8,0,0,0,8,4,3,0,8,4,2,69,50,38,06113.pdf,88
1194.HK,5,7,78,11,5,1,9,3,0,0,0,0,0,6,8,3,10,8,5,64,31,33,01194.pdf,88
0419.HK,7,11,74,13,5,5,6,2,3,0,0,0,3,8,9,2,14,11,5,57,33,42,00419.pdf,88
8418.HK,5,12,71,9,5,1,6,1,1,0,0,0,1,10,9,1,11,8,5,40,33,62,08418.pdf,88
8513.HK,7,11,74,10,7,1,9,2,3,0,0,4,3,7,10,2,13,10,7,52,45,55,08513.pdf,88
1929.HK,14,20,68,26,6,4,12,6,9,0,0,0,9,8,7,6,12,19,6,60,32,38,01929.pdf,88
8063.HK,5,8,77,6,4,2,5,1,0,0,0,0,0,5,6,1,8,7,4,47,50,63,08063.pdf,88
1529.HK,8,14,71,16,9,3,10,1,3,0,0,0,3,14,15,1,16,11,9,56,29,41,01529.pdf,88
0228.HK,8,16,68,14,7,19,20,3,1,0,0,14,1,17,12,3,27,14,7,45,36,58,00228.pdf,88
8337.HK,6,9,76,8,5,2,6,0,3,0,0,0,3,7,8,0,13,8,5,52,44,54,08337.pdf,88
6069.HK,22,20,76,23,6,6,11,4,12,33,33,9,12,11,8,4,32,23,6,68,60,43,06069.pdf,88
1205.HK,20,32,56,33,10,12,16,9,1,0,0,0,1,20,32,9,36,26,10,54,37,48,01205.pdf,88
0646.HK,4,6,78,6,4,2,5,2,4,0,0,4,4,4,5,2,5,6,4,50,43,56,00646.pdf,88
1685.HK,4,9,74,9,5,4,8,0,0,0,0,0,0,3,11,0,7,5,5,47,26,50,01685.pdf,88
0272.HK,32,27,75,29,17,18,22,13,11,0,0,0,11,9,15,13,31,40,17,69,67,46,00272.pdf,88
2128.HK,24,19,79,31,12,10,15,8,9,0,0,0,9,12,22,8,25,22,12,74,46,30,02128.pdf,88
0778.HK,11,13,74,14,6,5,12,16,8,0,0,14,8,5,7,16,17,19,6,60,45,46,00778.pdf,88
0270.HK,52,49,63,60,32,54,39,9,4,33,33,4,4,49,80,9,61,52,32,68,53,40,00270.pdf,88
1616.HK,6,11,74,14,4,4,6,3,0,0,0,0,0,8,9,3,15,10,4,58,30,40,01616.pdf,88
0093.HK,0,1,82,2,0,0,1,0,1,0,0,0,1,1,2,0,3,1,0,51,28,46,00093.pdf,88
0884.HK,38,34,70,50,13,20,15,7,41,0,0,0,41,24,26,7,48,44,13,70,47,34,00884.pdf,88
1691.HK,21,16,80,21,15,11,13,4,37,0,0,4,37,11,7,4,24,27,15,73,63,39,01691.pdf,88
6690.HK,69,60,63,83,40,33,37,12,19,0,0,9,19,28,55,12,81,70,40,71,52,36,06690.pdf,88
8400.HK,6,9,76,9,4,1,6,1,8,0,0,0,8,6,5,1,14,7,4,54,45,52,08400.pdf,88
1490.HK,3,7,75,6,3,3,5,0,0,0,0,0,0,2,6,0,9,6,3,40,28,60,01490.pdf,88
2289.HK,6,14,69,14,5,4,5,1,1,0,0,0,1,6,13,1,16,10,5,49,29,50,02289.pdf,88
1269.HK,23,26,67,31,11,7,23,9,14,0,0,9,14,25,27,9,34,37,11,62,45,42,01269.pdf,88
1631.HK,6,9,75,8,4,0,7,2,3,0,0,0,3,7,7,2,13,8,4,49,43,57,01631.pdf,88
1265.HK,13,12,78,17,3,7,5,2,1,0,0,0,1,4,16,2,25,14,3,69,48,36,01265.pdf,88
1959.HK,7,17,66,12,7,4,10,3,1,0,0,0,1,13,16,3,15,11,7,38,38,67,01959.pdf,88
1853.HK,9,11,76,11,6,5,10,3,0,0,0,0,0,8,10,3,18,11,6,58,49,50,01853.pdf,88
0436.HK,9,17,67,23,14,4,21,0,1,0,0,4,1,11,25,0,22,13,14,56,25,38,00436.pdf,88
0943.HK,7,8,79,8,6,2,8,2,0,0,0,0,0,8,8,2,10,9,6,61,50,47,00943.pdf,88
1941.HK,3,6,76,7,3,1,3,0,0,0,0,0,0,6,4,0,7,6,3,49,26,47,01941.pdf,88
0184.HK,5,9,76,8,5,2,7,2,0,0,0,0,0,4,7,2,8,8,5,52,40,51,00184.pdf,88
1949.HK,4,5,80,5,3,3,4,1,3,0,0,0,3,6,4,1,10,6,3,60,54,50,01949.pdf,88
2019.HK,22,19,77,34,8,8,10,4,4,0,0,23,4,12,12,4,22,25,8,73,40,28,02019.pdf,88
0195.HK,11,14,74,13,11,8,12,3,1,0,0,0,1,11,16,3,20,15,11,57,50,51,00195.pdf,88
0303.HK,41,43,60,48,26,25,46,26,37,0,0,0,37,16,27,26,45,48,26,64,54,45,00303.pdf,88
0268.HK,30,26,74,50,6,10,7,2,3,0,0,4,3,17,9,2,53,36,6,72,37,26,00268.pdf,88
2348.HK,8,12,74,16,6,10,13,1,30,0,0,0,30,7,13,1,18,12,6,61,31,37,02348.pdf,88
0089.HK,2,3,81,3,2,1,3,0,3,0,0,0,3,3,3,0,4,3,2,60,40,42,00089.pdf,88
8489.HK,3,8,75,12,2,2,3,1,0,0,0,0,0,6,5,1,9,7,2,59,18,32,08489.pdf,88
1034.HK,2,4,79,4,3,1,4,0,1,0,0,0,1,3,7,0,8,4,3,46,31,55,01034.pdf,88
1116.HK,5,7,77,11,5,2,8,1,0,0,0,0,0,5,12,1,9,6,5,62,28,33,01116.pdf,88
0601.HK,2,3,81,4,2,1,3,0,0,0,0,0,0,3,4,0,6,2,2,61,43,43,00601.pdf,88
0509.HK,3,4,81,5,3,2,4,0,3,0,0,0,3,4,5,0,7,4,3,61,40,42,00509.pdf,88
1399.HK,8,12,74,15,8,2,9,2,0,0,0,0,0,7,13,2,16,11,8,59,35,41,01399.pdf,88
0094.HK,4,6,79,7,3,2,4,2,3,33,33,0,3,6,4,2,11,5,3,59,38,42,00094.pdf,88
0106.HK,24,28,66,43,16,26,21,6,4,0,0,4,4,12,20,6,30,30,16,66,34,32,00106.pdf,88
0236.HK,7,10,76,15,4,2,4,1,9,0,0,0,9,7,7,1,14,10,4,64,31,32,00236.pdf,88
0135.HK,23,30,61,32,21,18,27,3,4,33,33,9,4,10,32,3,26,26,21,57,44,48,00135.pdf,88
2236.HK,28,23,77,33,9,7,13,6,4,0,0,4,4,16,26,6,43,30,9,72,53,35,02236.pdf,88
1665.HK,6,10,76,10,5,2,4,1,1,0,0,4,1,7,7,1,13,11,5,56,39,46,01665.pdf,88
1831.HK,4,6,78,8,3,1,3,0,1,0,0,0,1,3,5,0,6,5,3,59,30,38,01831.pdf,88
8027.HK,4,6,78,5,3,2,4,0,0,0,0,0,0,6,7,0,13,5,3,48,43,58,08027.pdf,88
0336.HK,54,58,51,85,47,19,60,24,3,0,0,4,3,40,43,24,55,55,47,67,39,34,00336.pdf,88
2696.HK,29,25,75,35,9,9,14,3,16,0,0,0,16,10,18,3,31,25,9,71,51,36,02696.pdf,88
6989.HK,13,15,75,16,12,11,13,2,45,0,0,0,45,13,13,2,23,17,12,63,50,45,06989.pdf,88
1862.HK,15,20,69,19,7,11,16,4,9,0,0,4,9,11,18,4,20,20,7,55,49,52,01862.pdf,88
0818.HK,10,21,62,19,9,6,10,4,1,0,0,0,1,8,14,4,20,13,9,45,33,56,00818.pdf,88
2009.HK,28,27,70,47,18,9,22,6,16,0,0,0,16,14,34,6,34,30,18,70,36,29,02009.pdf,88
2380.HK,43,34,75,42,16,32,30,6,9,0,0,14,9,14,34,6,31,32,16,72,64,41,02380.pdf,88
1927.HK,6,11,73,8,5,4,7,2,1,0,0,0,1,8,8,2,14,8,5,43,44,64,01927.pdf,88
2088.HK,5,6,79,6,0,0,2,0,3,0,0,0,3,4,5,0,11,6,0,58,47,49,02088.pdf,88
1606.HK,32,28,73,33,15,27,17,6,19,0,0,4,19,15,16,6,33,26,15,69,60,43,01606.pdf,88
1266.HK,11,13,76,14,5,6,12,3,8,0,0,0,8,10,15,3,13,13,5,62,47,44,01266.pdf,88
2111.HK,5,7,78,8,2,4,4,1,4,0,0,0,4,6,5,1,6,4,2,60,38,41,02111.pdf,88
9939.HK,7,13,71,15,9,7,11,2,3,33,33,9,3,4,14,2,15,11,9,54,31,45,09939.pdf,88
1818.HK,21,22,70,26,11,8,14,2,4,33,33,9,4,13,24,2,29,27,11,63,49,43,01818.pdf,88
1513.HK,37,55,40,56,24,10,22,3,16,0,0,0,16,44,38,3,48,44,24,55,41,49,01513.pdf,88
0377.HK,6,14,69,13,13,10,20,2,3,0,0,0,3,13,18,2,18,12,13,45,31,55,00377.pdf,88
8211.HK,7,12,72,10,4,3,6,1,0,0,0,4,0,9,10,1,11,9,4,46,40,59,08211.pdf,88
1240.HK,7,10,77,11,7,3,12,3,0,33,33,4,0,4,11,3,9,9,7,60,43,44,01240.pdf,88
8333.HK,2,6,77,5,1,1,2,1,3,0,0,4,3,3,3,1,8,3,1,39,34,64,08333.pdf,88
1857.HK,32,38,59,55,20,15,43,17,12,0,0,0,12,20,40,17,35,38,20,65,36,34,01857.pdf,88
1950.HK,5,11,72,11,7,9,13,0,1,0,0,0,1,10,18,0,17,10,7,48,27,50,01950.pdf,88
2623.HK,5,5,81,6,2,2,3,1,1,0,0,0,1,6,4,1,7,6,2,67,47,38,02623.pdf,88
0905.HK,5,7,78,6,5,3,7,2,1,0,0,0,1,5,6,2,8,6,5,53,46,54,00905.pdf,88
1542.HK,12,19,68,18,8,8,10,3,0,0,0,0,0,8,16,3,16,13,8,53,43,52,01542.pdf,88
2299.HK,8,8,79,10,6,8,11,1,1,0,0,0,1,8,12,1,15,10,6,65,47,40,02299.pdf,88
1821.HK,14,9,83,14,5,8,6,4,1,0,0,0,1,4,3,4,9,11,5,78,58,32,01821.pdf,88
8373.HK,5,9,75,9,6,5,7,1,0,0,0,0,0,10,11,1,10,5,6,50,38,53,08373.pdf,88
3989.HK,11,26,56,22,16,8,27,8,0,0,0,0,0,19,28,8,24,19,16,42,31,59,03989.pdf,88
8527.HK,3,5,79,4,2,0,2,2,0,0,0,0,0,2,4,2,6,3,2,50,39,54,08527.pdf,88
0200.HK,26,35,58,34,12,7,26,20,6,0,0,0,6,9,16,20,20,30,12,56,47,51,00200.pdf,88
1733.HK,12,20,66,20,9,5,12,2,3,0,0,0,3,11,26,2,22,18,9,53,38,50,01733.pdf,88
8270.HK,5,6,80,9,5,4,7,2,0,0,0,0,0,3,6,2,9,5,5,65,37,35,08270.pdf,88
8493.HK,5,6,79,8,3,3,7,1,1,0,0,0,1,10,4,1,13,7,3,61,40,41,08493.pdf,88
0679.HK,4,8,76,9,3,4,7,0,1,0,0,0,1,2,7,0,28,7,3,54,32,46,00679.pdf,88
0330.HK,25,24,73,32,11,5,24,6,12,0,0,0,12,18,9,6,15,20,11,68,48,37,00330.pdf,88
8187.HK,9,12,74,12,9,4,8,2,0,0,0,0,0,10,12,2,18,13,9,55,50,53,08187.pdf,88
1133.HK,12,10,81,13,6,3,10,3,1,0,0,0,1,9,14,3,15,11,6,73,56,36,01133.pdf,88
2223.HK,5,7,79,8,3,3,6,0,11,0,0,0,11,7,6,0,14,7,3,62,40,40,02223.pdf,88
0607.HK,12,14,74,17,8,10,14,2,4,0,0,0,4,10,14,2,19,19,8,62,44,43,00607.pdf,88
1968.HK,7,15,68,13,8,8,15,3,1,0,0,4,1,9,15,3,17,11,8,42,34,60,01968.pdf,88
1070.HK,23,38,51,33,18,12,18,7,12,0,0,14,12,19,40,7,39,28,18,49,43,57,01070.pdf,88
0807.HK,13,24,61,23,16,8,26,4,0,0,0,0,0,9,29,4,25,19,16,50,35,52,00807.pdf,88
6939.HK,9,9,80,10,6,5,9,2,1,0,0,0,1,6,13,2,16,8,6,67,56,42,06939.pdf,88
8229.HK,4,5,80,4,2,1,5,1,4,0,0,0,4,5,3,1,9,4,2,54,58,59,08229.pdf,88
1302.HK,9,17,66,16,8,5,11,1,3,0,0,9,3,14,17,1,21,14,8,48,33,53,01302.pdf,88
3839.HK,5,9,74,11,5,5,7,0,1,0,0,0,1,6,8,0,8,7,5,52,28,45,03839.pdf,88
0069.HK,7,8,78,12,4,2,6,1,0,0,0,0,0,3,6,1,7,12,4,64,38,36,00069.pdf,88
0363.HK,8,9,78,11,7,7,9,2,6,0,0,0,6,14,11,2,15,11,7,64,44,39,00363.pdf,88
0181.HK,4,8,75,12,3,0,5,1,1,0,0,0,1,6,6,1,8,9,3,58,20,33,00181.pdf,88
0154.HK,3,4,80,4,3,3,6,0,0,0,0,4,0,2,7,0,5,5,3,55,42,50,00154.pdf,88
2280.HK,9,15,71,16,7,2,9,3,8,33,33,14,8,13,12,3,17,11,7,55,38,48,02280.pdf,88
1272.HK,18,26,63,26,15,9,28,4,1,0,0,0,1,8,29,4,19,17,15,55,42,50,01272.pdf,88
0171.HK,5,12,71,16,5,1,7,0,1,0,0,0,1,13,8,0,15,12,5,56,20,37,00171.pdf,88
0762.HK,64,39,88,59,23,4,7,11,30,0,0,0,30,27,16,11,55,44,23,80,67,33,00762.pdf,88
2601.HK,26,36,56,32,22,19,13,3,6,0,0,9,6,24,19,3,32,35,22,52,51,57,02601.pdf,88
3311.HK,29,49,40,47,12,9,28,21,12,0,0,4,12,25,41,21,41,36,12,51,38,52,03311.pdf,88
0023.HK,29,31,66,39,11,10,27,8,16,0,0,4,16,10,9,8,33,31,11,65,46,40,00023.pdf,88
0966.HK,24,26,68,39,13,8,12,3,22,0,0,9,22,14,16,3,38,32,13,66,37,33,00966.pdf,88
2607.HK,38,74,13,73,48,32,88,0,12,0,0,19,12,72,57,0,23,44,48,50,32,50,02607.pdf,88
0643.HK,2,5,79,6,3,3,5,1,1,0,0,0,1,2,5,1,6,4,3,56,25,39,00643.pdf,88
8292.HK,5,6,79,6,5,3,5,0,0,0,0,0,0,2,6,0,8,6,5,59,48,48,08292.pdf,88
0880.HK,13,13,77,21,8,9,10,7,20,0,0,0,20,6,9,7,19,19,8,69,40,32,00880.pdf,88
8305.HK,4,5,79,6,5,0,6,0,1,0,0,4,1,3,7,0,7,4,5,56,43,48,08305.pdf,88
0641.HK,8,13,72,14,10,11,15,2,1,0,0,0,1,8,14,2,16,10,10,55,34,46,00641.pdf,88
0011.HK,38,38,65,43,18,14,22,16,9,66,66,0,9,17,16,16,45,53,18,66,55,44,00011.pdf,88
9608.HK,10,15,71,15,6,5,10,1,4,0,0,0,4,12,15,1,27,15,6,55,41,48,09608.pdf,88
0960.HK,27,23,76,41,7,11,14,4,8,0,0,4,8,22,24,4,37,44,7,73,41,28,00960.pdf,88
0358.HK,46,42,67,73,25,16,30,5,14,0,0,4,14,16,49,5,41,53,25,72,40,29,00358.pdf,88
8623.HK,9,13,73,11,9,2,10,1,0,0,0,0,0,9,16,1,16,10,9,51,47,57,08623.pdf,88
0061.HK,4,8,76,9,4,1,7,1,0,0,0,0,0,9,8,1,11,7,4,55,28,41,00061.pdf,88
0696.HK,25,19,79,23,10,6,10,5,1,0,0,14,1,10,18,5,29,20,10,72,65,41,00696.pdf,88
0658.HK,16,20,70,21,8,6,14,1,0,0,0,0,0,15,19,1,25,16,8,58,48,48,00658.pdf,88
0371.HK,46,42,67,51,24,34,33,14,3,0,0,0,3,78,47,14,46,51,24,69,55,40,00371.pdf,88
2212.HK,7,11,74,12,4,4,5,1,0,0,0,0,0,12,13,1,15,10,4,57,38,45,02212.pdf,88
1099.HK,17,28,59,23,13,5,13,3,1,0,0,0,1,11,22,3,22,25,13,47,45,60,01099.pdf,88
0767.HK,4,8,77,6,3,1,5,0,3,0,0,0,3,6,5,0,12,6,3,48,44,58,00767.pdf,88
0688.HK,34,40,58,52,24,28,25,16,1,33,33,14,1,32,30,16,44,50,24,64,40,38,00688.pdf,88
1515.HK,14,15,75,20,5,2,7,3,4,0,0,0,4,7,13,3,19,23,5,66,43,37,01515.pdf,88
8100.HK,3,7,77,8,5,2,5,1,4,0,0,0,4,4,7,1,9,5,5,54,28,43,08100.pdf,88
8495.HK,6,10,74,10,6,4,7,2,0,0,0,0,0,5,8,2,14,9,6,53,40,51,08495.pdf,88
1615.HK,6,11,73,9,5,3,8,1,0,0,0,0,0,7,10,1,12,7,5,46,38,57,01615.pdf,88
3718.HK,26,19,81,28,20,7,23,3,0,0,0,19,0,14,39,3,30,25,20,75,57,34,03718.pdf,88
1303.HK,4,7,77,8,5,3,8,1,1,0,0,0,1,6,9,1,9,7,5,53,34,47,01303.pdf,88
3303.HK,6,14,68,12,8,7,14,5,1,0,0,0,1,12,16,5,19,10,8,42,30,58,03303.pdf,88
1127.HK,9,16,69,14,10,4,13,4,11,0,0,0,11,9,14,4,18,14,10,50,40,54,01127.pdf,88
2669.HK,23,38,50,38,18,15,28,18,4,0,0,23,4,20,32,18,44,40,18,52,37,50,02669.pdf,88
1540.HK,9,15,70,13,10,6,12,4,12,0,0,0,12,11,13,4,15,12,10,49,42,57,01540.pdf,88
8246.HK,6,13,70,11,6,6,7,2,0,0,0,0,0,8,12,2,16,9,6,42,36,61,08246.pdf,88
6138.HK,26,29,66,36,16,5,8,3,33,0,0,4,33,13,9,3,25,27,16,64,45,40,06138.pdf,88
1378.HK,17,19,72,23,12,9,19,3,11,0,0,4,11,15,23,3,24,20,12,64,46,41,01378.pdf,88
0311.HK,10,11,77,12,8,4,9,6,11,0,0,0,11,8,10,6,13,11,8,63,50,44,00311.pdf,88
0229.HK,12,13,76,12,5,5,6,3,3,0,0,0,3,2,8,3,9,13,5,59,62,55,00229.pdf,88
0893.HK,8,13,72,19,5,7,11,4,0,0,0,0,0,4,9,4,16,13,5,59,26,36,00893.pdf,88
1628.HK,21,29,61,39,18,24,21,7,3,0,0,0,3,16,23,7,29,25,18,61,33,37,01628.pdf,88
2698.HK,27,21,79,26,11,6,19,5,1,0,0,4,1,15,27,5,28,20,11,72,64,40,02698.pdf,88
0873.HK,15,13,80,20,6,6,7,9,19,0,0,9,19,8,7,9,19,23,6,72,47,32,00873.pdf,88
8128.HK,10,13,74,13,5,15,12,2,0,0,0,0,0,8,14,2,19,10,5,55,50,53,08128.pdf,88
0683.HK,37,41,59,49,20,13,35,24,22,0,0,14,22,28,23,24,46,52,20,63,47,43,00683.pdf,88
1745.HK,8,14,70,12,5,3,7,3,1,0,0,0,1,12,11,3,22,13,5,45,40,59,01745.pdf,88
0185.HK,6,9,76,11,5,2,7,2,3,0,0,0,3,6,6,2,13,9,5,60,34,40,00185.pdf,88
1338.HK,4,6,78,8,4,1,6,0,3,0,0,0,3,6,5,0,8,7,4,58,29,39,01338.pdf,88
0687.HK,5,10,73,9,6,2,9,1,3,0,0,0,3,4,9,1,9,7,6,46,33,55,00687.pdf,88
1979.HK,4,4,81,5,4,2,5,0,4,0,0,0,4,2,5,0,5,4,4,65,49,42,01979.pdf,88
8377.HK,4,7,77,9,3,3,5,1,1,0,0,0,1,2,5,1,9,7,3,58,28,38,08377.pdf,88
3828.HK,4,5,79,8,4,2,4,1,1,0,0,4,1,15,5,1,5,7,4,63,32,34,03828.pdf,88
0813.HK,22,21,74,29,9,11,11,10,27,33,33,4,27,12,19,10,25,31,9,68,47,36,00813.pdf,88
2358.HK,7,9,77,9,3,9,5,2,1,0,0,0,1,8,6,2,13,11,3,57,49,50,02358.pdf,88
1281.HK,7,12,73,12,5,3,7,0,1,0,0,0,1,6,11,0,12,10,5,52,39,51,01281.pdf,88
0743.HK,53,34,85,56,18,31,47,8,4,0,0,4,4,50,34,8,39,47,18,79,58,30,00743.pdf,88
1565.HK,19,20,73,28,6,6,9,2,6,0,0,0,6,21,17,2,19,55,6,67,43,36,01565.pdf,88
1072.HK,14,13,78,17,8,8,9,0,1,0,0,0,1,7,11,0,11,12,8,68,52,39,01072.pdf,88
2020.HK,20,28,63,25,8,7,14,6,8,0,0,0,8,18,14,6,24,25,8,53,51,56,02020.pdf,88
1563.HK,4,10,73,9,6,8,8,2,3,0,0,0,3,9,7,2,15,7,6,43,32,58,01563.pdf,88
0046.HK,8,8,79,12,3,2,6,2,3,0,0,0,3,5,7,2,16,10,3,66,41,36,00046.pdf,88
1788.HK,9,18,66,13,7,5,12,6,4,0,0,0,4,6,8,6,15,13,7,41,42,66,01788.pdf,88
1708.HK,9,9,79,10,5,5,7,2,0,0,0,14,0,4,8,2,10,8,5,64,57,47,01708.pdf,88
2169.HK,7,10,76,11,1,1,2,0,0,0,0,0,0,10,9,0,16,8,1,59,40,44,02169.pdf,88
0177.HK,24,23,73,28,6,5,9,3,1,0,0,4,1,8,24,3,29,25,6,67,53,41,00177.pdf,88
2146.HK,7,10,75,11,6,2,7,1,0,0,0,0,0,5,9,1,15,13,6,55,39,48,02146.pdf,88
2003.HK,6,6,80,9,2,2,5,2,12,0,0,0,12,4,4,2,14,7,2,67,42,35,02003.pdf,88
1058.HK,11,20,65,18,14,7,19,2,3,0,0,0,3,45,34,2,21,16,14,48,39,56,01058.pdf,88
1177.HK,17,19,72,18,6,2,7,2,3,0,0,4,3,8,21,2,25,19,6,59,58,53,01177.pdf,88
0326.HK,7,12,73,12,5,2,6,4,0,0,0,0,0,7,7,4,14,9,5,51,37,51,00326.pdf,88
8148.HK,3,6,78,7,2,1,3,1,0,0,0,0,0,6,4,1,8,5,2,56,31,42,08148.pdf,88
9923.HK,0,0,84,1,0,0,0,0,0,0,0,0,0,0,0,0,0,0,0,77,0,1,09923.pdf,88
1502.HK,12,13,76,20,6,4,7,1,1,0,0,0,1,5,14,1,25,19,6,67,38,33,01502.pdf,88
6199.HK,31,36,61,42,30,26,25,4,3,0,0,0,3,22,17,4,41,34,30,62,46,43,06199.pdf,88
1991.HK,4,6,79,7,3,1,5,0,0,0,0,0,0,7,8,0,7,5,3,61,37,40,01991.pdf,88
1712.HK,3,6,77,8,5,0,9,0,0,0,0,0,0,6,8,0,5,5,5,56,26,39,01712.pdf,88
0297.HK,13,22,63,22,13,10,20,2,9,0,0,0,9,20,26,2,23,21,13,50,36,51,00297.pdf,88
3686.HK,13,16,72,19,8,8,10,2,12,33,33,4,12,16,18,2,30,21,8,60,43,44,03686.pdf,88
0004.HK,15,27,59,31,11,8,25,14,9,0,0,0,9,9,20,14,29,36,11,55,30,43,00004.pdf,88
0925.HK,23,23,71,24,10,15,16,10,11,0,0,4,11,6,20,10,23,22,10,63,57,48,00925.pdf,88
0542.HK,4,8,76,7,5,3,6,2,0,0,0,0,0,6,9,2,7,6,5,49,40,55,00542.pdf,88
1799.HK,19,17,77,17,8,10,11,5,0,0,0,0,0,13,16,5,22,15,8,67,70,50,01799.pdf,88
1480.HK,8,16,68,17,8,3,11,1,1,0,0,0,1,16,17,1,18,11,8,51,30,48,01480.pdf,88
8611.HK,11,16,72,20,6,5,11,4,1,0,0,0,1,11,8,4,19,14,6,61,36,39,08611.pdf,88
1817.HK,7,10,75,10,4,3,8,2,0,0,0,0,0,7,7,2,15,10,4,54,47,54,01817.pdf,88
1913.HK,26,22,77,35,8,6,16,9,1,0,0,9,1,22,9,9,21,28,8,72,46,31,01913.pdf,88
6088.HK,32,47,46,41,30,27,40,4,6,0,0,0,6,30,60,4,53,34,30,51,48,57,06088.pdf,88
0737.HK,9,16,68,15,6,5,10,6,6,0,0,0,6,10,13,6,20,15,6,49,36,53,00737.pdf,88
0661.HK,8,8,79,11,5,1,5,0,1,0,0,0,1,4,15,0,10,9,5,66,48,40,00661.pdf,88
2096.HK,18,23,67,22,9,4,10,1,11,33,33,0,11,11,18,1,22,21,9,56,51,53,02096.pdf,88
2528.HK,5,12,71,9,4,2,4,1,0,0,0,0,0,6,8,1,12,10,4,40,36,64,02528.pdf,88
2139.HK,15,23,65,23,10,5,9,5,4,0,0,4,4,7,12,5,21,21,10,55,41,49,02139.pdf,88
8411.HK,4,6,78,5,2,2,5,0,1,0,0,0,1,7,5,0,9,4,2,49,42,57,08411.pdf,88
9922.HK,18,24,66,34,5,9,9,3,9,0,0,4,9,13,23,3,32,25,5,63,33,35,09922.pdf,88
1763.HK,12,17,71,18,7,7,11,2,4,0,0,0,4,6,16,2,13,16,7,57,42,46,01763.pdf,88
1433.HK,10,16,70,22,12,12,17,2,1,0,0,0,1,9,15,2,19,14,12,60,29,36,01433.pdf,88
0831.HK,9,9,79,10,5,5,10,6,11,0,0,14,11,5,9,6,10,11,5,66,52,42,00831.pdf,88
0468.HK,25,16,84,23,12,10,24,12,9,0,0,9,9,11,18,12,21,19,12,79,66,34,00468.pdf,88
2558.HK,20,20,73,23,12,12,10,4,19,0,0,0,19,9,8,4,27,18,12,65,52,43,02558.pdf,88
1702.HK,14,13,78,17,7,9,18,2,3,0,0,0,3,8,19,2,16,10,7,69,52,39,01702.pdf,88
1085.HK,8,14,70,18,10,7,13,2,6,0,0,0,6,10,15,2,18,14,10,56,28,41,01085.pdf,88
6666.HK,28,31,66,36,13,7,12,4,22,0,0,0,22,21,25,4,38,38,13,63,49,43,06666.pdf,88
0747.HK,5,9,75,8,5,4,8,1,1,0,0,0,1,9,6,1,10,6,5,49,37,54,00747.pdf,88
0085.HK,7,12,73,16,7,12,8,1,0,0,0,0,0,5,10,1,18,12,7,59,30,38,00085.pdf,88
0124.HK,11,12,77,14,6,7,7,3,3,0,0,4,3,8,8,3,18,13,6,64,50,42,00124.pdf,88
1866.HK,14,9,84,17,5,8,12,2,0,0,0,0,0,15,10,2,11,15,5,79,51,26,01866.pdf,88
1738.HK,3,6,78,5,3,1,4,1,1,0,0,0,1,5,7,1,8,4,3,49,37,54,01738.pdf,88
1656.HK,20,21,72,26,11,8,21,10,4,0,0,4,4,14,11,10,17,14,11,65,47,41,01656.pdf,88
0405.HK,26,26,70,33,11,16,15,5,24,0,0,0,24,16,27,5,32,35,11,66,48,39,00405.pdf,88
1957.HK,3,5,79,5,2,1,4,0,1,0,0,0,1,6,5,0,10,3,2,52,37,49,01957.pdf,88
1997.HK,16,29,57,33,12,12,22,15,16,0,0,0,16,11,15,15,25,34,12,54,31,45,01997.pdf,88
1983.HK,15,16,74,19,9,4,8,1,0,0,0,4,0,9,11,1,25,20,9,64,48,41,01983.pdf,88
3898.HK,33,22,83,34,7,2,7,3,8,0,0,0,8,23,27,3,26,27,7,77,60,33,03898.pdf,88
1951.HK,15,19,70,20,9,12,10,2,3,0,0,0,3,11,14,2,29,22,9,59,45,46,01951.pdf,88
6836.HK,12,18,70,15,6,3,12,3,6,0,0,4,6,11,14,3,17,13,6,52,52,59,06836.pdf,88
1872.HK,7,11,73,10,7,3,9,2,3,0,0,0,3,8,13,2,14,10,7,48,45,59,01872.pdf,88
9966.HK,12,12,77,15,6,7,11,1,0,0,0,0,0,11,13,1,17,13,6,66,52,42,09966.pdf,88
3322.HK,5,6,80,7,5,4,6,1,3,0,0,0,3,4,8,1,8,7,5,62,44,42,03322.pdf,88
6117.HK,15,16,75,21,8,3,8,1,1,0,0,0,1,9,21,1,22,17,8,66,44,38,06117.pdf,88
0293.HK,48,46,63,55,19,16,35,14,30,0,0,4,30,20,25,14,54,52,19,67,54,42,00293.pdf,88
1458.HK,19,19,73,22,6,6,10,3,11,0,0,4,11,15,19,3,18,20,6,64,53,44,01458.pdf,88
0482.HK,9,17,68,19,10,7,15,5,1,33,33,0,1,8,17,5,20,13,10,53,30,44,00482.pdf,88
2000.HK,4,9,75,11,7,3,6,1,1,0,0,0,1,4,11,1,14,8,7,55,26,41,02000.pdf,88
1053.HK,7,6,81,9,2,3,6,0,0,0,0,0,0,3,8,0,5,4,2,71,50,35,01053.pdf,88
3808.HK,15,16,74,21,9,5,8,2,3,0,0,0,3,13,22,2,24,19,9,65,43,38,03808.pdf,88
6601.HK,20,18,76,22,6,4,10,1,8,0,0,0,8,10,14,1,18,22,6,68,56,42,06601.pdf,88
1527.HK,6,13,70,14,7,3,8,3,0,0,0,0,0,14,15,3,13,9,7,50,26,46,01527.pdf,88
3369.HK,22,15,83,21,8,4,5,4,4,0,0,19,4,8,28,4,20,19,8,77,63,35,03369.pdf,88
0626.HK,10,11,76,13,4,1,5,3,4,0,0,0,4,2,5,3,18,13,4,62,47,43,00626.pdf,88
6830.HK,7,13,70,10,5,7,9,4,4,33,33,4,4,5,14,4,13,9,5,40,42,67,06830.pdf,88
1361.HK,17,17,75,19,10,7,16,9,3,0,0,4,3,12,13,9,16,18,10,65,56,44,01361.pdf,88
0686.HK,20,25,67,36,14,22,21,5,1,0,0,14,1,22,28,5,24,23,14,64,34,34,00686.pdf,88
0489.HK,40,41,61,49,24,26,25,2,6,0,0,4,6,23,42,2,44,35,24,65,50,42,00489.pdf,88
1749.HK,7,11,74,9,5,7,9,2,3,0,0,0,3,6,7,2,14,8,5,48,46,60,01749.pdf,88
2078.HK,5,12,71,9,9,7,12,0,3,0,0,0,3,9,12,0,12,9,9,41,35,62,02078.pdf,88
2899.HK,29,40,53,41,28,16,25,10,3,0,0,4,3,25,50,10,42,43,28,56,43,49,02899.pdf,88
0051.HK,6,9,76,9,3,4,8,1,1,0,0,0,1,3,7,1,8,11,3,56,41,48,00051.pdf,88
1368.HK,13,20,66,21,7,7,13,7,6,0,0,0,6,12,14,7,15,16,7,55,37,47,01368.pdf,88
1822.HK,2,8,74,6,2,2,5,0,0,0,0,0,0,4,4,0,6,5,2,35,23,63,01822.pdf,88
6966.HK,9,8,80,10,5,5,6,2,0,0,0,0,0,5,6,2,11,9,5,68,57,42,06966.pdf,88
3336.HK,8,13,72,13,7,8,10,1,1,0,0,0,1,15,13,1,14,14,7,53,39,50,03336.pdf,88
1782.HK,9,11,75,11,9,4,10,1,0,0,0,4,0,9,11,1,16,10,9,56,50,53,01782.pdf,88
0168.HK,17,17,75,27,8,9,11,3,1,0,0,9,1,8,16,3,16,19,8,68,38,31,00168.pdf,88
1761.HK,12,15,74,21,4,3,4,3,24,0,0,4,24,19,6,3,23,19,4,64,36,35,01761.pdf,88
0564.HK,13,16,72,19,10,11,13,3,1,0,0,0,1,10,17,3,19,16,10,61,41,42,00564.pdf,88
2388.HK,32,40,56,47,14,14,23,18,40,0,0,0,40,14,19,18,44,40,14,61,43,43,02388.pdf,88
0010.HK,26,37,55,34,12,16,28,26,0,0,0,9,0,16,17,26,28,26,12,53,48,55,00010.pdf,88
0101.HK,26,37,55,34,12,16,28,26,0,0,0,9,0,16,17,26,28,26,12,53,48,55,00101.pdf,88
1108.HK,6,5,82,8,1,2,4,1,0,0,0,0,0,3,7,1,4,4,1,71,46,32,01108.pdf,88
8329.HK,11,24,58,19,8,11,13,3,1,0,0,4,1,11,19,3,19,17,8,40,35,63,08329.pdf,88
2238.HK,47,41,69,53,21,30,23,8,29,33,33,28,29,23,24,8,43,43,21,70,55,38,02238.pdf,88
2012.HK,6,12,72,11,8,4,11,1,0,0,0,0,0,6,10,1,13,9,8,49,37,54,02012.pdf,88
1308.HK,18,19,74,22,10,7,14,5,0,0,0,0,0,22,18,5,28,16,10,65,53,44,01308.pdf,88
0690.HK,7,18,64,13,8,6,10,2,3,0,0,0,3,11,18,2,16,14,8,35,34,69,00690.pdf,88
8282.HK,4,6,79,6,3,3,5,2,3,0,0,0,3,7,4,2,13,5,3,54,48,54,08282.pdf,88
0058.HK,4,11,72,9,6,8,10,3,1,0,0,0,1,7,8,3,14,7,6,41,28,58,00058.pdf,88
2030.HK,3,4,81,5,2,1,3,0,6,0,0,0,6,2,4,0,7,3,2,62,41,40,02030.pdf,88
0175.HK,55,54,57,63,31,49,42,11,46,0,0,14,46,26,46,11,60,57,31,66,54,43,00175.pdf,88
2688.HK,33,37,62,38,29,35,37,6,22,0,0,0,22,16,38,6,40,30,29,62,55,48,02688.pdf,88
1286.HK,25,27,68,29,14,15,16,5,1,0,0,4,1,15,24,5,28,29,14,63,53,46,01286.pdf,88
1717.HK,36,30,75,35,9,8,17,16,12,0,0,4,12,12,12,16,26,34,9,71,64,42,01717.pdf,88
8226.HK,4,9,74,7,7,4,8,2,3,0,0,0,3,3,8,2,7,7,7,39,41,67,08226.pdf,88
2119.HK,9,12,75,19,7,3,10,3,4,0,0,0,4,6,11,3,18,14,7,64,31,33,02119.pdf,88
1910.HK,18,17,76,22,7,10,22,4,16,0,0,0,16,8,7,4,15,14,7,67,51,40,01910.pdf,88
0220.HK,19,25,65,27,15,8,19,6,6,0,0,4,6,18,41,6,23,27,15,58,45,47,00220.pdf,88
1061.HK,5,8,76,7,3,2,6,1,0,0,0,0,0,5,8,1,9,7,3,49,41,56,01061.pdf,88
2718.HK,9,11,77,11,4,5,7,5,6,0,0,0,6,6,6,5,17,11,4,60,51,49,02718.pdf,88
9989.HK,6,15,68,15,8,8,10,2,0,0,0,0,0,12,18,2,13,11,8,48,25,48,09989.pdf,88
1890.HK,9,20,63,16,6,9,9,2,1,0,0,4,1,8,14,2,12,24,6,41,36,62,01890.pdf,88
9978.HK,3,3,81,4,2,0,3,1,0,0,0,0,0,4,3,1,9,3,2,62,40,40,09978.pdf,88
1448.HK,21,19,76,25,9,6,10,4,20,0,0,0,20,14,21,4,24,29,9,69,53,38,01448.pdf,88
0142.HK,22,26,66,28,12,13,22,13,4,0,0,14,4,14,14,13,17,25,12,60,48,47,00142.pdf,88
0431.HK,4,6,78,7,4,3,7,1,3,0,0,0,3,7,5,1,10,5,4,56,37,46,00431.pdf,88
1477.HK,4,12,70,11,4,1,5,0,1,0,0,0,1,7,11,0,11,10,4,43,24,53,01477.pdf,88
0327.HK,7,13,71,15,6,4,9,4,0,0,0,0,0,7,11,4,13,9,6,54,28,43,00327.pdf,88
2399.HK,4,6,78,7,4,2,7,1,0,0,0,0,0,3,7,1,6,5,4,55,38,47,02399.pdf,88
9633.HK,27,30,65,46,15,16,20,11,11,0,0,0,11,18,24,11,27,39,15,66,37,33,09633.pdf,88
3399.HK,10,11,77,14,9,8,8,0,4,0,0,4,4,9,13,0,16,17,9,65,47,40,03399.pdf,88
0274.HK,3,7,77,6,3,6,6,0,0,0,0,0,0,4,10,0,9,5,3,50,33,51,00274.pdf,88
6198.HK,30,28,71,31,13,14,11,5,9,0,0,4,9,15,30,5,43,26,13,66,60,45,06198.pdf,88
1038.HK,22,34,55,31,19,17,33,14,16,0,0,0,16,14,19,14,28,24,19,51,43,54,01038.pdf,88
0775.HK,11,21,63,18,10,8,17,13,3,0,0,0,3,8,12,13,14,15,10,45,38,59,00775.pdf,88
3999.HK,9,15,70,22,3,5,8,2,0,0,0,0,0,20,14,2,19,13,3,60,26,35,03999.pdf,88
1572.HK,3,6,77,5,3,3,4,1,0,0,0,0,0,4,5,1,6,5,3,41,37,63,01572.pdf,88
0520.HK,29,29,69,33,8,3,12,4,14,0,0,19,14,21,18,4,36,24,8,65,55,45,00520.pdf,88
3347.HK,23,27,66,32,12,8,11,3,8,0,0,4,8,20,14,3,48,36,12,63,43,41,03347.pdf,88
6078.HK,13,18,69,20,6,4,7,2,1,0,0,4,1,12,15,2,25,24,6,57,41,46,06078.pdf,88
1928.HK,25,29,65,35,15,7,24,8,11,0,0,0,11,8,18,8,21,28,15,62,44,42,01928.pdf,88
1113.HK,15,29,56,32,10,7,18,9,24,0,0,9,24,9,16,9,30,33,10,53,29,45,01113.pdf,88
6116.HK,12,12,77,14,6,3,6,3,3,0,0,0,3,7,9,3,20,13,6,65,50,42,06116.pdf,88
1902.HK,9,15,71,19,4,1,8,1,14,0,0,0,14,10,9,1,25,13,4,59,29,38,01902.pdf,88
3333.HK,42,39,67,50,22,35,16,8,8,0,0,0,8,20,24,8,45,47,22,68,52,39,03333.pdf,88
0836.HK,29,28,72,39,21,31,29,10,11,0,0,4,11,16,22,10,27,31,21,69,47,35,00836.pdf,88
1044.HK,22,29,61,33,15,13,21,7,3,0,0,0,3,19,29,7,28,29,15,58,41,45,01044.pdf,88
1919.HK,37,46,53,41,19,19,23,15,1,0,0,4,1,14,36,15,45,35,19,56,55,55,01919.pdf,88
0708.HK,26,30,65,34,10,25,14,6,3,0,0,0,3,22,26,6,39,41,10,62,46,43,00708.pdf,88
2338.HK,25,21,77,27,13,7,16,7,11,0,0,0,11,30,21,7,24,23,13,71,58,39,02338.pdf,88
3698.HK,0,0,84,0,0,0,0,0,0,0,0,0,0,0,0,0,0,0,0,78,0,0,03698.pdf,88
0995.HK,22,28,63,29,12,5,11,2,3,0,0,0,3,16,28,2,29,25,12,58,46,48,00995.pdf,88
3396.HK,18,24,65,26,11,8,16,6,11,0,0,9,11,24,18,6,32,23,11,58,43,46,03396.pdf,88
1638.HK,23,30,63,35,14,14,15,9,17,0,0,9,17,17,22,9,33,31,14,61,41,42,01638.pdf,88
3899.HK,30,31,68,36,19,26,31,6,8,0,0,9,8,21,36,6,35,34,19,65,52,43,03899.pdf,88
0998.HK,36,40,59,47,22,9,11,8,14,0,0,23,14,18,15,8,42,40,22,63,48,43,00998.pdf,88
0316.HK,37,41,60,43,17,18,26,16,14,0,0,19,14,21,25,16,35,37,17,62,54,48,00316.pdf,88
0242.HK,19,19,74,34,8,7,14,12,8,0,0,0,8,10,9,12,22,27,8,70,34,28,00242.pdf,88
1666.HK,13,20,68,28,12,8,11,3,3,0,0,0,3,8,19,3,19,18,12,62,30,35,01666.pdf,88
0136.HK,11,19,66,20,5,4,6,3,6,0,0,0,6,12,12,3,21,17,5,53,36,48,00136.pdf,88
9926.HK,52,68,34,83,7,4,8,0,3,0,0,0,3,92,14,0,38,35,7,60,39,41,09926.pdf,88
0289.HK,6,11,74,9,8,8,11,1,4,0,0,0,4,7,7,1,17,9,8,47,40,57,00289.pdf,88
2369.HK,6,9,76,9,6,6,8,2,3,0,0,4,3,12,8,2,16,7,6,55,46,52,02369.pdf,88
6899.HK,2,3,80,5,1,1,3,0,8,0,0,0,8,3,3,0,11,3,1,62,27,33,06899.pdf,88
1396.HK,17,16,76,20,6,10,7,3,3,0,0,4,3,9,13,3,22,18,6,67,54,41,01396.pdf,88
1772.HK,74,82,36,78,100,100,73,83,3,0,0,4,3,96,38,83,74,100,100,60,58,52,01772.pdf,88
0553.HK,0,0,84,0,0,0,0,0,0,0,0,0,0,0,0,0,0,0,0,78,0,0,00553.pdf,88
0317.HK,25,23,73,32,8,0,16,0,4,0,0,0,4,17,20,0,29,24,8,69,49,37,00317.pdf,88
1193.HK,28,25,73,41,13,12,15,4,3,0,0,4,3,18,31,4,36,28,13,70,42,31,01193.pdf,88
1109.HK,38,38,64,44,17,24,18,10,24,0,0,9,24,28,24,10,39,40,17,65,53,43,01109.pdf,88
1008.HK,4,6,79,9,4,0,6,6,0,0,0,0,0,6,7,6,6,7,4,62,34,36,01008.pdf,88
2107.HK,18,18,74,22,11,11,16,3,1,0,0,0,1,13,15,3,23,22,11,65,51,42,02107.pdf,88
6877.HK,7,18,64,13,5,5,9,2,4,0,0,0,4,5,8,2,17,8,5,35,31,67,06877.pdf,88
3320.HK,28,30,67,26,10,4,9,10,14,0,0,4,14,11,14,10,24,28,10,60,67,57,03320.pdf,88
1636.HK,5,7,78,11,4,5,8,1,6,0,0,4,6,3,6,1,7,7,4,64,31,32,01636.pdf,88
9677.HK,18,18,74,22,5,5,6,3,3,0,0,0,3,5,10,3,23,21,5,66,51,41,09677.pdf,88
0800.HK,3,4,81,5,2,2,3,2,4,0,0,9,4,2,4,2,7,5,2,63,43,40,00800.pdf,88
1432.HK,14,12,80,15,6,4,9,2,1,0,0,0,1,6,9,2,14,15,6,71,57,39,01432.pdf,88
2269.HK,24,27,66,28,11,8,17,6,12,0,0,4,12,26,26,6,27,24,11,60,52,48,02269.pdf,88
1981.HK,12,16,72,20,7,8,8,2,1,0,0,0,1,15,14,2,26,27,7,61,39,41,01981.pdf,88
0670.HK,32,29,72,41,21,8,12,3,3,0,0,0,3,8,20,3,34,33,21,69,48,35,00670.pdf,88
2359.HK,28,31,65,41,17,12,16,4,11,0,0,0,11,17,28,4,45,37,17,65,42,38,02359.pdf,88
0656.HK,56,65,43,75,31,15,26,11,11,0,0,0,11,48,60,11,61,77,31,62,46,43,00656.pdf,88
1280.HK,8,10,76,11,4,2,4,2,8,0,0,0,8,8,8,2,18,12,4,59,43,45,01280.pdf,88
0256.HK,6,8,77,11,6,4,7,0,8,0,0,0,8,11,9,0,13,10,6,60,36,40,00256.pdf,88
1339.HK,28,28,71,32,14,5,10,4,12,0,0,0,12,12,23,4,36,31,14,66,54,43,01339.pdf,88
0769.HK,4,7,77,10,5,5,7,2,0,0,0,0,0,6,9,2,9,5,5,60,26,35,00769.pdf,88
8370.HK,3,7,77,7,5,2,11,0,0,0,0,0,0,4,7,0,9,5,5,48,29,51,08370.pdf,88
0915.HK,8,13,72,17,7,3,11,3,0,0,0,14,0,13,14,3,17,13,7,58,30,39,00915.pdf,88
1065.HK,17,15,78,22,14,8,19,2,0,33,33,4,0,48,21,2,22,20,14,70,48,35,01065.pdf,88
0715.HK,5,11,73,18,3,2,5,1,0,0,0,0,0,10,8,1,16,11,3,61,17,29,00715.pdf,88
0173.HK,6,6,80,8,3,3,4,3,0,0,0,0,0,3,4,3,11,9,3,66,50,40,00173.pdf,88
1522.HK,12,7,85,13,5,3,6,3,9,0,0,0,9,14,8,3,16,12,5,80,59,29,01522.pdf,88
1202.HK,19,20,73,24,8,7,12,0,1,0,0,14,1,10,22,0,23,19,8,66,49,40,01202.pdf,88
0719.HK,22,19,77,22,7,2,12,6,3,0,0,0,3,12,24,6,24,19,7,70,63,43,00719.pdf,88
0253.HK,3,7,76,7,2,3,16,0,1,0,0,0,1,7,2,0,7,5,2,45,30,54,00253.pdf,88
0219.HK,3,7,76,7,2,3,16,0,1,0,0,0,1,7,2,0,7,5,2,45,30,54,00219.pdf,88
0201.HK,3,7,76,7,2,3,16,0,1,0,0,0,1,7,2,0,7,5,2,45,30,54,00201.pdf,88
0675.HK,13,22,63,24,13,7,19,6,3,0,0,0,3,11,15,6,15,17,13,54,33,46,00675.pdf,88
6811.HK,11,18,68,18,8,12,16,3,8,0,0,14,8,16,17,3,23,15,8,52,38,51,06811.pdf,88
0369.HK,7,11,74,12,7,4,8,0,0,0,0,0,0,6,12,0,13,13,7,55,37,46,00369.pdf,88
2877.HK,21,35,52,32,14,11,21,8,19,0,0,4,19,19,30,8,34,24,14,50,40,55,02877.pdf,88
1508.HK,29,21,80,31,16,11,7,9,1,0,0,4,1,11,15,9,20,24,16,75,58,34,01508.pdf,88
1980.HK,7,12,73,10,5,3,5,4,1,0,0,4,1,10,6,4,13,11,5,49,44,57,01980.pdf,88
1766.HK,34,18,90,30,15,8,10,8,8,0,0,4,8,16,15,8,23,26,15,84,69,30,01766.pdf,88
1713.HK,11,18,68,18,8,6,8,1,1,0,0,4,1,15,19,1,23,16,8,54,38,48,01713.pdf,88
6826.HK,9,13,74,13,7,6,13,0,1,0,0,0,1,14,12,0,15,12,7,57,42,47,06826.pdf,88
1532.HK,8,15,70,17,7,5,10,1,0,0,0,0,0,9,13,1,12,10,7,55,30,43,01532.pdf,88
1375.HK,26,25,72,28,18,4,7,3,8,33,33,14,8,9,11,3,25,24,18,66,58,44,01375.pdf,88
1578.HK,40,38,66,43,14,5,16,5,6,33,33,4,6,16,18,5,47,41,14,66,57,45,01578.pdf,88
0809.HK,8,18,65,24,6,5,11,2,0,0,0,0,0,8,11,2,16,13,6,56,22,37,00809.pdf,88
0012.HK,17,19,73,28,6,4,10,9,0,100,100,0,0,10,10,9,21,25,6,67,39,34,00012.pdf,88
1426.HK,2,4,80,4,2,1,3,0,0,0,0,0,0,2,3,0,2,5,2,51,41,53,01426.pdf,88
3889.HK,8,18,65,24,6,6,11,2,0,0,0,0,0,8,11,2,16,13,6,55,22,39,03889.pdf,88
2355.HK,11,16,70,16,7,5,11,1,3,0,0,0,3,8,14,1,20,15,7,54,42,51,02355.pdf,88
0726.HK,5,7,78,11,4,3,6,0,0,0,0,0,0,4,7,0,9,7,4,62,31,36,00726.pdf,88
2866.HK,22,25,68,26,18,16,19,9,0,0,0,14,0,13,29,9,33,28,18,61,52,48,02866.pdf,88
8169.HK,3,4,79,4,4,5,6,1,0,33,33,0,0,4,5,1,5,4,4,53,40,51,08169.pdf,88
0697.HK,22,28,64,38,11,17,15,5,1,0,0,0,1,22,25,5,33,30,11,63,37,37,00697.pdf,88
1351.HK,4,5,80,5,1,0,3,0,0,0,0,0,0,5,3,0,6,4,1,57,51,51,01351.pdf,88
0450.HK,5,7,78,7,5,4,8,1,3,0,0,0,3,3,8,1,5,7,5,55,42,49,00450.pdf,88
3380.HK,29,36,59,40,22,18,20,12,35,0,0,0,35,22,32,12,50,34,22,60,44,45,03380.pdf,88
3788.HK,12,18,68,20,9,12,16,1,0,0,0,4,0,6,29,1,22,17,9,55,38,47,03788.pdf,88
1599.HK,12,19,68,22,11,7,12,2,6,0,0,0,6,11,22,2,27,18,11,57,34,43,01599.pdf,88
3623.HK,9,13,72,18,7,4,8,1,3,0,0,4,3,8,11,1,21,11,7,60,32,38,03623.pdf,88
1898.HK,36,20,88,26,15,11,11,12,0,0,0,0,0,16,16,12,26,18,15,83,85,39,01898.pdf,88
2552.HK,7,8,78,10,4,3,4,2,1,0,0,0,1,3,7,2,10,8,4,63,42,40,02552.pdf,88
0576.HK,6,10,74,10,3,6,9,2,4,0,0,0,4,5,9,2,13,7,3,51,40,53,00576.pdf,88
0187.HK,16,14,78,20,7,6,13,4,1,0,0,4,1,10,17,4,23,15,7,69,49,36,00187.pdf,88
0038.HK,19,14,81,17,7,5,7,2,0,0,0,14,0,8,15,2,18,14,7,74,69,42,00038.pdf,88
0207.HK,12,12,78,20,8,4,11,4,3,66,66,9,3,10,14,4,13,14,8,70,38,30,00207.pdf,88
0551.HK,21,25,67,29,15,17,16,8,6,0,0,4,6,35,29,8,39,31,15,62,46,44,00551.pdf,88
1359.HK,29,31,66,34,15,9,9,5,12,0,0,0,12,8,13,5,26,27,15,63,53,46,01359.pdf,88
0239.HK,8,16,69,14,8,1,12,4,4,0,0,0,4,10,12,4,15,14,8,48,37,55,00239.pdf,88
1036.HK,10,12,75,11,6,7,12,10,3,0,0,0,3,4,9,10,21,12,6,57,54,54,01036.pdf,88
0665.HK,25,34,59,38,12,14,15,7,14,0,0,0,14,26,14,7,45,34,12,59,41,44,00665.pdf,88
0570.HK,13,23,63,25,10,3,13,1,1,0,0,4,1,7,22,1,19,20,10,54,33,46,00570.pdf,88
1922.HK,6,12,72,17,4,2,5,1,1,0,0,0,1,6,10,1,23,13,4,58,25,36,01922.pdf,88
1992.HK,27,31,64,46,21,27,23,5,8,0,0,9,8,25,33,5,41,43,21,66,37,34,01992.pdf,88
0887.HK,6,7,78,11,4,1,4,1,3,0,0,0,3,2,5,1,13,7,4,63,33,35,00887.pdf,88
0909.HK,20,21,72,24,4,1,5,3,1,0,0,14,1,14,8,3,30,18,4,64,51,44,00909.pdf,88
1802.HK,5,11,73,11,4,7,8,1,0,0,0,4,0,6,12,1,17,9,4,50,29,48,01802.pdf,88
0003.HK,31,39,57,44,19,20,34,5,0,0,0,4,0,20,28,5,36,36,19,60,44,44,00003.pdf,88
6066.HK,17,25,64,29,12,6,11,1,12,33,33,19,12,10,10,1,32,27,12,58,37,43,06066.pdf,88
1692.HK,3,8,74,6,7,3,10,1,0,0,0,0,0,7,8,1,7,6,7,37,32,65,01692.pdf,88
1848.HK,7,11,74,11,6,5,7,4,4,0,0,0,4,6,7,4,11,9,6,53,39,50,01848.pdf,88
0956.HK,28,24,76,27,13,31,18,2,9,0,0,0,9,11,24,2,23,21,13,70,65,44,00956.pdf,88
3991.HK,9,11,77,11,5,3,6,2,0,33,33,9,0,5,6,2,16,9,5,60,52,49,03991.pdf,88
2038.HK,8,14,70,16,7,2,11,1,3,0,0,0,3,10,11,1,17,12,7,54,33,46,02038.pdf,88
0902.HK,48,42,69,48,18,42,39,3,1,0,0,0,1,24,53,3,30,35,18,69,62,43,00902.pdf,88
3377.HK,44,36,74,70,16,24,20,30,24,0,0,9,24,18,24,30,40,57,16,74,39,25,03377.pdf,88
1930.HK,7,11,73,10,5,5,7,0,1,0,0,0,1,4,8,0,13,9,5,48,41,57,01930.pdf,88
0511.HK,9,10,77,11,6,5,13,2,8,0,0,0,8,5,9,2,12,8,6,62,50,46,00511.pdf,88
0222.HK,5,12,71,14,4,2,8,0,4,0,0,4,4,9,9,0,15,9,4,53,24,42,00222.pdf,88
0752.HK,10,12,76,14,8,5,8,2,6,0,0,0,6,6,9,2,12,14,8,62,43,41,00752.pdf,88
3318.HK,4,8,75,9,5,3,8,1,9,0,0,0,9,7,7,1,7,7,5,50,27,47,03318.pdf,88
6049.HK,20,21,72,28,15,14,13,2,16,0,0,4,16,12,16,2,30,28,15,66,45,38,06049.pdf,88
1199.HK,0,0,84,0,0,0,0,0,0,0,0,0,0,0,0,0,0,0,0,78,18,9,01199.pdf,88
0373.HK,9,12,74,13,5,3,6,1,3,0,0,9,3,3,6,1,16,12,5,58,40,45,00373.pdf,88
0528.HK,18,24,66,39,12,10,15,2,8,0,0,0,8,31,19,2,24,22,12,65,29,31,00528.pdf,88
2196.HK,73,86,29,79,28,22,38,15,3,0,0,19,3,38,55,15,60,75,28,58,57,54,02196.pdf,88
0585.HK,5,8,77,8,3,4,4,2,6,0,0,0,6,3,3,2,9,10,3,54,38,48,00585.pdf,88
0605.HK,5,10,73,8,4,2,5,2,1,0,0,0,1,9,7,2,10,7,4,43,39,62,00605.pdf,88
0941.HK,37,35,68,40,25,10,20,6,4,0,0,0,4,19,17,6,42,36,25,67,56,43,00941.pdf,88
1809.HK,6,13,70,12,5,4,6,1,1,0,0,0,1,8,10,1,14,10,5,45,32,56,01809.pdf,88
2018.HK,23,35,54,31,18,9,23,7,0,0,0,9,0,13,25,7,27,28,18,50,45,56,02018.pdf,88
1087.HK,4,3,83,5,2,1,2,1,0,0,0,0,0,3,2,1,7,3,2,74,48,30,01087.pdf,88
1388.HK,7,11,74,14,5,3,5,0,8,0,0,0,8,11,10,0,10,11,5,58,33,41,01388.pdf,88
3606.HK,22,26,66,26,13,9,14,7,3,0,0,9,3,13,21,7,30,23,13,58,51,50,03606.pdf,88
1083.HK,84,54,85,87,21,33,38,15,14,33,33,57,14,23,67,15,62,76,21,79,59,31,01083.pdf,88
0066.HK,34,30,72,37,9,14,19,17,25,0,0,0,25,12,18,17,30,31,9,69,56,41,00066.pdf,88
2328.HK,0,0,84,0,0,0,0,0,0,0,0,0,0,0,0,0,0,0,0,78,0,0,02328.pdf,88
0182.HK,20,21,72,31,12,16,11,1,0,0,0,0,0,12,25,1,21,21,12,67,40,34,00182.pdf,88
2340.HK,21,26,66,38,10,5,17,12,4,0,0,0,4,13,17,12,31,24,10,64,34,34,02340.pdf,88
8095.HK,15,20,69,19,11,7,18,7,11,0,0,4,11,13,16,7,19,16,11,56,50,52,08095.pdf,88
0217.HK,5,16,65,16,6,7,11,2,1,0,0,0,1,12,16,2,16,10,6,45,20,49,00217.pdf,88
0612.HK,10,12,75,11,9,4,9,3,6,0,0,0,6,9,11,3,16,13,9,57,56,55,00612.pdf,88
6868.HK,12,13,76,14,6,7,9,2,9,0,0,0,9,11,12,2,15,14,6,63,50,45,06868.pdf,88
0255.HK,4,5,79,5,4,1,8,1,0,0,0,4,0,1,6,1,7,4,4,55,43,50,00255.pdf,88
0883.HK,26,32,62,32,12,21,25,4,1,0,0,4,1,17,27,4,29,28,12,59,50,49,00883.pdf,88
3996.HK,21,20,75,23,12,16,15,4,1,0,0,4,1,11,24,4,23,19,12,67,56,43,03996.pdf,88
2386.HK,33,29,72,38,19,12,19,3,0,0,0,9,0,18,35,3,44,36,19,69,54,39,02386.pdf,88
2378.HK,42,38,69,48,28,30,25,2,17,0,0,4,17,22,11,2,33,61,28,69,54,39,02378.pdf,88
1972.HK,60,55,61,88,31,41,60,18,12,33,33,9,12,26,23,18,53,63,31,70,42,31,01972.pdf,88
1112.HK,17,20,70,27,9,4,17,11,8,0,0,0,8,20,7,11,11,24,9,63,38,38,01112.pdf,88
1329.HK,22,28,64,34,16,21,18,2,4,0,0,0,4,17,26,2,48,30,16,61,40,42,01329.pdf,88
0006.HK,27,33,62,31,19,18,29,12,16,0,0,0,16,13,21,12,26,25,19,57,53,52,00006.pdf,88
2638.HK,0,0,84,0,0,0,0,0,0,0,0,0,0,0,0,0,0,0,0,61,37,39,02638.pdf,88
8007.HK,10,15,71,23,8,5,12,4,4,0,0,0,4,7,11,4,16,12,8,62,28,34,08007.pdf,88
0432.HK,11,18,67,19,9,9,16,12,1,0,0,0,1,9,12,12,18,20,9,53,37,49,00432.pdf,88
0045.HK,23,27,66,28,13,14,23,14,29,0,0,4,29,13,11,14,21,27,13,59,50,48,00045.pdf,88
0008.HK,18,20,71,32,8,5,13,3,17,0,0,0,17,11,10,3,27,28,8,66,35,32,00008.pdf,88
6823.HK,17,20,71,31,8,5,13,3,19,0,0,0,19,12,9,3,27,28,8,66,34,32,06823.pdf,88
3618.HK,0,0,84,0,0,0,0,0,0,0,0,0,0,0,0,0,0,0,0,78,0,0,03618.pdf,88
0347.HK,33,23,81,31,22,3,12,1,1,0,0,0,1,13,25,1,27,22,22,76,66,38,00347.pdf,88
1330.HK,7,9,76,12,6,2,16,2,1,0,0,0,1,10,16,2,11,10,6,61,36,40,01330.pdf,88
0390.HK,32,23,80,43,19,4,13,4,3,0,0,0,3,22,27,4,32,28,19,76,46,27,00390.pdf,88
6837.HK,30,26,75,33,17,11,11,1,14,33,33,9,14,12,10,1,31,28,17,70,57,39,06837.pdf,88
3866.HK,37,27,80,40,8,6,9,10,14,0,0,4,14,9,12,10,34,33,8,76,57,33,03866.pdf,88
1963.HK,31,24,79,29,16,3,5,3,8,33,33,9,8,10,8,3,28,23,16,73,65,40,01963.pdf,88
1635.HK,10,11,77,12,5,13,9,2,0,33,33,0,0,6,8,2,13,12,5,62,49,45,01635.pdf,88
3958.HK,18,16,76,22,19,19,13,5,1,0,0,0,1,12,10,5,30,19,19,68,50,38,03958.pdf,88
2218.HK,8,8,79,11,5,3,9,2,1,0,0,0,1,7,12,2,12,10,5,67,46,37,02218.pdf,88
6806.HK,21,25,67,27,16,6,9,3,3,33,33,0,3,12,13,3,32,27,16,61,48,46,06806.pdf,88
0107.HK,0,0,84,0,0,0,0,0,0,0,0,0,0,0,0,0,0,0,0,78,0,0,00107.pdf,88
0921.HK,9,11,76,11,9,7,10,1,4,0,0,0,4,8,11,1,13,10,9,58,50,50,00921.pdf,88
1988.HK,15,13,79,17,7,5,8,2,6,0,0,9,6,4,10,2,20,16,7,71,57,39,01988.pdf,88
1071.HK,26,18,82,23,9,19,21,7,0,0,0,4,0,7,26,7,16,18,9,76,68,39,01071.pdf,88
0014.HK,12,13,76,17,6,7,11,10,1,0,0,0,1,7,7,10,13,18,6,64,44,39,00014.pdf,88
0598.HK,24,18,80,23,10,4,7,4,4,33,33,9,4,11,15,4,23,21,10,74,66,40,00598.pdf,88
2016.HK,29,28,70,33,13,3,7,2,6,0,0,9,6,15,12,2,41,28,13,66,54,42,02016.pdf,88
1288.HK,37,41,59,50,27,11,11,4,17,33,33,19,17,18,14,4,51,39,27,64,46,42,01288.pdf,88
1055.HK,34,28,76,41,18,9,13,2,4,0,0,0,4,14,27,2,37,36,18,73,52,34,01055.pdf,88
2333.HK,36,28,76,35,15,21,16,8,17,0,0,14,17,15,26,8,26,26,15,72,63,41,02333.pdf,88
8018.HK,4,7,78,9,3,1,6,0,3,0,0,0,3,6,5,0,12,6,3,61,30,36,08018.pdf,88
3988.HK,57,48,68,67,27,8,12,4,66,0,0,14,66,17,16,4,69,64,27,71,52,36,03988.pdf,88
0788.HK,44,27,86,37,13,26,11,6,0,0,0,14,0,14,25,6,32,26,13,80,75,37,00788.pdf,88
8117.HK,15,17,72,16,7,8,16,7,1,0,0,4,1,8,14,7,15,12,7,58,56,54,08117.pdf,88
0042.HK,33,58,32,60,0,0,1,1,0,0,0,0,0,100,4,1,8,10,0,53,34,48,00042.pdf,88
2039.HK,55,42,74,66,25,29,42,20,27,0,0,4,27,41,30,20,53,54,25,74,51,32,02039.pdf,88
1658.HK,42,37,70,50,27,12,14,4,9,0,0,9,9,17,14,4,54,41,27,70,52,37,01658.pdf,88
6881.HK,31,21,82,30,10,4,4,2,1,0,0,4,1,15,9,2,31,25,10,76,63,35,06881.pdf,88
1776.HK,26,27,69,38,16,3,9,9,11,0,0,4,11,12,17,9,36,34,16,67,43,36,01776.pdf,88
2068.HK,15,12,81,26,7,6,9,3,1,0,0,9,1,9,10,3,16,13,7,75,36,23,02068.pdf,88
1618.HK,32,26,77,35,15,9,21,6,3,0,0,4,3,19,31,6,30,26,15,72,56,37,01618.pdf,88
0525.HK,6,7,79,9,1,0,2,2,1,33,33,4,1,4,5,2,9,7,1,63,39,38,00525.pdf,88
6865.HK,15,19,71,18,10,8,15,2,11,0,0,4,11,10,26,2,25,21,10,57,50,51,06865.pdf,88
1171.HK,34,34,67,34,21,14,18,14,4,0,0,0,4,21,32,14,32,40,21,63,62,50,01171.pdf,88
1088.HK,36,33,69,43,21,28,31,2,1,0,0,0,1,35,37,2,35,36,21,69,51,38,01088.pdf,88
0819.HK,10,9,80,15,6,3,5,0,4,0,0,0,4,6,6,0,10,11,6,72,41,29,00819.pdf,88
0386.HK,34,42,54,44,35,42,46,7,3,0,0,9,3,20,45,7,37,40,35,58,47,48,00386.pdf,88
6869.HK,24,22,74,25,15,16,19,8,1,0,0,0,1,11,16,8,26,20,15,67,58,43,06869.pdf,88
3969.HK,32,22,83,39,10,5,8,1,0,0,0,0,0,11,18,1,21,19,10,77,50,27,03969.pdf,88
2208.HK,57,30,95,38,16,51,27,16,4,0,0,19,4,22,24,16,34,38,16,87,93,40,02208.pdf,88
1449.HK,12,15,73,21,5,3,7,1,3,0,0,0,3,18,14,1,25,37,5,64,36,36,01449.pdf,88
0939.HK,28,25,74,30,16,10,11,1,3,0,0,0,3,15,9,1,27,24,16,69,57,41,00939.pdf,88
0991.HK,23,15,84,19,15,14,14,1,1,0,0,0,1,5,11,1,19,13,15,79,77,40,00991.pdf,88
1398.HK,42,29,81,43,24,11,10,10,4,0,0,14,4,12,13,10,46,34,24,76,59,34,01398.pdf,88
6818.HK,53,36,82,55,22,12,16,6,4,0,0,9,4,25,14,6,45,42,22,77,59,32,06818.pdf,88
3328.HK,41,45,57,45,32,11,14,4,20,0,0,4,20,15,14,4,38,35,32,61,55,50,03328.pdf,88
1876.HK,29,25,75,26,11,9,18,7,1,0,0,23,1,10,16,7,17,24,11,69,69,48,01876.pdf,88
6178.HK,11,10,80,13,6,1,5,6,0,0,0,9,0,2,4,6,11,11,6,69,54,39,06178.pdf,88
0323.HK,41,35,73,38,18,9,19,13,1,0,0,9,1,23,37,13,44,32,18,70,66,45,00323.pdf,88
0914.HK,25,24,73,29,14,21,26,4,4,0,0,0,4,22,26,4,33,25,14,68,53,41,00914.pdf,88
2611.HK,22,14,84,24,3,1,2,3,4,0,0,19,4,12,5,3,24,21,3,78,56,30,02611.pdf,88
0857.HK,37,33,72,39,24,26,39,5,1,0,0,4,1,22,28,5,35,33,24,69,59,42,00857.pdf,88
2628.HK,27,25,73,34,27,4,7,3,11,0,0,0,11,20,16,3,26,30,27,69,48,36,02628.pdf,88
0338.HK,31,21,83,26,15,12,21,7,1,0,0,14,1,9,27,7,19,20,15,77,73,40,00338.pdf,88
0588.HK,20,26,65,39,15,8,15,4,6,0,0,0,6,14,20,4,25,21,15,64,31,33,00588.pdf,88
1336.HK,24,25,70,30,12,3,9,3,4,0,0,4,4,13,22,3,33,27,12,65,50,42,01336.pdf,88
1033.HK,16,16,75,19,9,10,11,2,1,0,0,4,1,12,22,2,20,19,9,64,52,44,01033.pdf,88
0548.HK,18,26,63,26,13,16,20,3,11,0,0,4,11,21,30,3,40,22,13,55,44,51,00548.pdf,88
6169.HK,5,10,73,11,5,2,5,1,0,0,0,0,0,6,9,1,13,20,5,52,29,46,06169.pdf,88
8450.HK,5,11,72,9,6,3,8,5,1,0,0,0,1,5,6,5,9,7,6,42,38,62,08450.pdf,88
2600.HK,24,24,72,41,15,14,22,6,1,0,0,0,1,18,24,6,28,22,15,70,36,29,02600.pdf,88
6886.HK,30,35,62,48,24,23,20,9,12,0,0,19,12,16,18,9,40,44,24,65,39,36,06886.pdf,88
3993.HK,21,35,52,34,22,8,18,8,1,0,0,0,1,12,26,8,38,33,22,51,38,52,03993.pdf,88
2001.HK,14,18,70,19,9,5,10,3,3,0,0,0,3,18,18,3,16,27,9,57,44,49,02001.pdf,88
3968.HK,61,56,61,68,35,21,20,16,72,0,0,33,72,28,20,16,67,64,35,68,56,41,03968.pdf,88
0382.HK,7,11,74,12,5,6,10,0,1,0,0,0,1,7,10,0,19,15,5,53,38,49,00382.pdf,88
0874.HK,34,22,83,27,16,6,10,6,3,0,0,4,3,12,18,6,26,32,16,78,76,41,00874.pdf,88
6030.HK,15,17,74,24,11,4,7,7,0,0,0,9,0,12,13,7,24,22,11,66,40,35,06030.pdf,88
1816.HK,48,41,70,56,24,14,25,6,8,33,33,0,8,24,56,6,48,52,24,71,54,37,01816.pdf,88
2778.HK,16,16,74,16,9,9,13,13,1,0,0,0,1,6,7,13,13,20,9,61,61,52,02778.pdf,88
0763.HK,30,36,60,41,12,9,15,6,0,0,0,0,0,15,14,6,37,30,12,61,45,44,00763.pdf,88
0388.HK,21,20,75,24,5,6,13,13,25,0,0,0,25,17,4,13,19,22,5,67,55,42,00388.pdf,88
1299.HK,42,41,64,54,13,17,21,9,1,0,0,4,1,12,15,9,40,50,13,67,48,38,01299.pdf,88
6068.HK,5,10,73,9,3,5,6,0,3,0,0,0,3,12,6,0,6,11,3,45,37,58,06068.pdf,88
2343.HK,31,33,64,33,12,15,33,13,4,0,0,4,4,10,22,13,26,30,12,61,57,50,02343.pdf,88
0002.HK,3,2,84,2,0,2,2,0,1,33,33,4,1,1,0,0,3,1,0,80,82,41,00002.pdf,88
1730.HK,9,16,68,16,5,3,7,5,0,0,0,0,0,3,15,5,24,16,5,50,34,51,01730.pdf,88
8383.HK,4,6,78,7,5,1,7,1,0,0,0,0,0,3,8,1,11,5,5,56,35,45,08383.pdf,88
8451.HK,3,5,79,7,3,2,5,0,6,0,0,0,6,3,7,0,7,5,3,59,25,35,08451.pdf,88
2318.HK,38,46,53,44,24,7,14,9,16,33,33,19,16,32,18,9,41,45,24,58,54,52,02318.pdf,88
0756.HK,4,9,74,8,4,4,7,0,1,0,0,0,1,7,7,0,9,7,4,45,33,57,00756.pdf,88
1960.HK,9,18,67,14,8,3,9,2,1,0,0,0,1,7,14,2,18,13,8,44,42,62,01960.pdf,88
0513.HK,7,11,73,12,8,3,11,1,1,0,0,0,1,10,13,1,17,9,8,53,37,49,00513.pdf,88
1317.HK,12,20,67,21,5,5,9,2,4,0,0,4,4,13,13,2,16,32,5,54,36,47,01317.pdf,88
1315.HK,7,14,71,12,7,2,8,2,0,0,0,0,0,9,13,2,16,10,7,48,37,55,01315.pdf,88
0362.HK,5,6,79,5,5,5,7,1,0,0,0,0,0,6,7,1,6,5,5,55,62,60,00362.pdf,88
2102.HK,11,16,71,16,7,5,10,3,3,0,0,9,3,8,11,3,13,14,7,54,45,52,02102.pdf,88
2033.HK,13,16,73,15,8,4,11,4,8,0,0,0,8,10,10,4,15,13,8,58,55,53,02033.pdf,88
0717.HK,5,10,74,16,3,1,4,1,3,0,0,0,3,3,4,1,13,10,3,61,21,31,00717.pdf,88
8093.HK,6,11,72,13,5,7,8,2,1,0,0,0,1,8,8,2,15,9,5,53,29,45,08093.pdf,88
8422.HK,4,9,74,8,6,5,8,1,1,0,0,0,1,6,12,1,17,7,6,43,32,59,08422.pdf,88
0353.HK,4,7,77,9,3,2,6,2,1,0,0,0,1,6,6,2,9,8,3,56,27,40,00353.pdf,88
0315.HK,4,5,80,6,3,3,3,0,0,0,0,0,0,2,5,0,11,6,3,60,40,43,00315.pdf,88
0053.HK,15,19,70,22,13,11,17,8,11,0,0,0,11,5,16,8,21,25,13,61,43,43,00053.pdf,88
0197.HK,4,5,79,5,4,3,5,1,1,0,0,0,1,6,4,1,8,4,4,54,44,51,00197.pdf,88
8427.HK,6,10,75,11,6,3,9,1,6,0,0,0,6,8,9,1,9,6,6,54,33,46,08427.pdf,88
1130.HK,6,8,77,9,5,4,7,1,1,0,0,4,1,5,8,1,11,6,5,59,41,44,01130.pdf,88
0016.HK,33,33,67,42,18,14,26,19,20,0,0,14,20,13,23,19,33,44,18,67,49,39,00016.pdf,88
1059.HK,7,11,74,13,7,5,9,2,0,0,0,0,0,3,10,2,12,11,7,57,33,42,01059.pdf,88
0092.HK,7,12,73,14,8,8,10,2,0,0,0,0,0,3,9,2,11,11,8,56,31,42,00092.pdf,88
0331.HK,9,10,77,13,5,5,9,4,0,0,0,0,0,7,11,4,20,15,5,64,42,38,00331.pdf,88
0825.HK,19,25,65,27,10,7,20,14,4,0,0,4,4,12,18,14,27,26,10,57,44,48,00825.pdf,88
0862.HK,3,8,75,6,3,2,6,2,0,0,0,0,0,5,6,2,9,6,3,39,35,64,00862.pdf,88
1849.HK,7,15,68,12,8,4,9,2,1,0,0,4,1,9,11,2,17,10,8,41,38,63,01849.pdf,88
2309.HK,5,9,75,12,5,3,9,2,9,0,0,4,9,4,8,2,11,9,5,57,28,39,02309.pdf,88
0247.HK,41,45,57,72,23,15,48,60,11,0,0,0,11,14,23,60,35,55,23,67,35,31,00247.pdf,88
0083.HK,41,46,57,72,23,15,48,61,12,0,0,0,12,16,23,61,36,55,23,67,35,32,00083.pdf,88
2282.HK,33,29,73,40,16,14,30,21,9,0,0,0,9,23,17,21,27,45,16,70,51,36,02282.pdf,88
1079.HK,7,15,68,12,4,3,5,2,0,0,0,0,0,8,9,2,12,10,4,42,37,62,01079.pdf,88
2882.HK,3,5,79,4,2,1,3,3,0,0,0,0,0,3,4,3,5,3,2,47,40,57,02882.pdf,88
0188.HK,8,19,64,15,6,5,8,2,1,0,0,0,1,8,7,2,25,14,6,41,35,62,00188.pdf,88
8645.HK,8,16,68,12,5,3,7,4,3,0,0,0,3,10,9,4,17,11,5,42,42,65,08645.pdf,88
2799.HK,30,31,66,40,21,3,8,3,6,0,0,19,6,11,7,3,24,26,21,66,46,39,02799.pdf,88
0243.HK,7,12,72,14,7,5,12,1,1,0,0,0,1,12,10,1,16,9,7,53,31,46,00243.pdf,88
0745.HK,2,4,79,4,2,2,3,1,1,0,0,0,1,1,3,1,8,4,2,43,33,59,00745.pdf,88
1653.HK,3,7,76,6,3,1,4,2,0,0,0,0,0,5,5,2,9,6,3,41,32,61,01653.pdf,88
1889.HK,5,8,76,11,5,1,8,1,0,0,0,0,0,5,11,1,11,8,5,58,28,39,01889.pdf,88
1566.HK,4,7,78,6,4,2,5,1,1,0,0,0,1,4,7,1,9,6,4,51,41,54,01566.pdf,88
8238.HK,3,4,81,4,3,3,4,0,1,0,0,0,1,4,3,0,6,3,3,59,39,43,08238.pdf,88
0736.HK,6,8,78,7,6,3,7,3,1,0,0,0,1,11,8,3,12,7,6,55,52,55,00736.pdf,88
8029.HK,4,8,76,7,3,1,4,0,0,0,0,0,0,7,5,0,15,7,3,49,37,54,08029.pdf,88
0294.HK,5,8,77,9,4,1,4,1,8,0,0,0,8,9,8,1,10,7,4,56,38,46,00294.pdf,88
0391.HK,1,2,82,2,1,3,2,0,1,0,0,4,1,1,2,0,4,2,1,60,25,34,00391.pdf,88
0040.HK,6,9,76,9,7,3,9,2,1,0,0,0,1,6,11,2,7,7,7,54,45,52,00040.pdf,88
0399.HK,7,10,75,8,6,0,7,2,4,0,0,0,4,12,9,2,12,7,6,47,52,65,00399.pdf,88
0375.HK,3,7,76,6,5,3,5,0,3,0,0,0,3,6,6,0,8,8,5,46,33,55,00375.pdf,88
8021.HK,8,12,74,13,6,6,11,3,1,0,0,0,1,11,9,3,23,9,6,58,38,43,08021.pdf,88
1667.HK,10,18,67,15,8,5,12,2,0,0,0,0,0,14,11,2,17,12,8,48,42,58,01667.pdf,88
1340.HK,3,6,77,6,4,2,5,2,0,0,0,0,0,3,7,2,4,4,4,51,30,48,01340.pdf,88
0022.HK,7,15,69,11,8,4,11,2,0,0,0,0,0,6,10,2,13,10,8,40,40,65,00022.pdf,88
0997.HK,7,9,78,12,3,1,5,2,1,0,0,0,1,3,5,2,11,10,3,64,39,37,00997.pdf,88
0841.HK,2,3,81,3,1,1,1,1,0,0,0,0,0,1,3,1,6,4,1,55,45,50,00841.pdf,88
0164.HK,5,6,79,8,3,1,5,2,4,0,0,0,4,5,4,2,7,5,3,61,38,40,00164.pdf,88
1443.HK,5,13,69,11,6,3,11,0,4,0,0,0,4,6,14,0,13,11,6,42,29,57,01443.pdf,88
0306.HK,7,12,73,14,7,2,7,2,0,0,0,0,0,6,10,2,9,9,7,55,32,44,00306.pdf,88
0029.HK,5,6,79,11,4,1,6,2,1,0,0,0,1,5,5,2,10,7,4,65,30,32,00029.pdf,88
1843.HK,6,12,71,11,6,3,7,1,1,0,0,0,1,8,9,1,12,9,6,45,37,58,01843.pdf,88
1195.HK,8,17,67,12,7,1,9,3,3,0,0,0,3,12,11,3,16,10,7,38,42,70,01195.pdf,88
1472.HK,8,12,74,12,6,2,8,2,0,0,0,0,0,10,12,2,18,11,6,55,42,49,01472.pdf,88
8283.HK,1,2,81,3,3,0,1,0,0,0,0,0,0,2,4,0,4,2,3,52,31,47,08283.pdf,88
1627.HK,7,9,77,14,5,2,7,2,0,0,0,4,0,5,10,2,12,9,5,64,32,33,01627.pdf,88
0130.HK,5,9,75,8,8,5,14,1,8,0,0,4,8,6,11,1,11,7,8,48,43,57,00130.pdf,88
1173.HK,4,8,75,10,7,10,9,2,1,0,0,0,1,6,7,2,8,6,7,53,27,44,01173.pdf,88
0332.HK,9,15,70,13,8,6,13,2,0,33,33,0,0,7,20,2,15,13,8,48,43,59,00332.pdf,88
1955.HK,6,13,71,11,3,2,6,0,0,0,0,0,0,7,14,0,14,12,3,46,36,56,01955.pdf,88
1723.HK,5,8,76,9,7,4,7,1,1,0,0,0,1,9,8,1,16,6,7,54,36,47,01723.pdf,88
1226.HK,5,7,77,8,3,3,6,2,0,0,0,0,0,4,5,2,9,7,3,56,37,45,01226.pdf,88
0216.HK,6,10,75,10,6,4,7,2,0,0,0,0,0,4,9,2,15,9,6,56,38,46,00216.pdf,88
0160.HK,6,9,76,10,6,4,7,2,0,0,0,0,0,4,9,2,15,9,6,56,38,46,00160.pdf,88
0558.HK,12,20,66,20,16,7,23,4,6,0,0,0,6,18,30,4,22,14,16,54,38,49,00558.pdf,88
1314.HK,29,37,58,41,14,9,25,9,14,0,0,0,14,22,25,9,39,33,14,60,44,45,01314.pdf,88
0252.HK,2,7,75,7,3,2,9,0,0,0,0,0,0,3,6,0,6,5,3,43,23,53,00252.pdf,88
2138.HK,6,8,77,8,5,7,8,2,4,0,0,4,4,7,7,2,11,8,5,55,48,52,02138.pdf,88
0855.HK,12,11,78,17,4,6,13,1,3,0,0,4,3,17,9,1,12,15,4,69,45,35,00855.pdf,88
8321.HK,4,6,78,6,5,4,6,0,1,0,0,0,1,3,8,0,11,5,5,53,47,54,08321.pdf,88
0455.HK,5,8,77,8,4,5,8,1,4,0,0,4,4,4,7,1,8,7,4,54,41,50,00455.pdf,88
1429.HK,4,12,70,9,5,2,5,1,1,0,0,0,1,4,9,1,9,7,5,38,27,62,01429.pdf,88
0126.HK,10,16,69,15,13,18,16,2,3,0,0,0,3,10,17,2,16,10,13,50,42,56,00126.pdf,88
0052.HK,15,13,78,20,7,5,13,4,1,0,0,0,1,10,12,4,18,15,7,71,45,33,00052.pdf,88
1348.HK,2,5,79,7,2,2,5,1,3,0,0,0,3,8,6,1,11,6,2,57,25,38,01348.pdf,88
0213.HK,6,8,77,9,8,4,8,0,0,0,0,0,0,4,11,0,12,8,8,57,41,46,00213.pdf,88
1142.HK,4,6,79,5,2,0,4,1,0,0,0,0,0,7,6,1,11,6,2,57,51,52,01142.pdf,88
1047.HK,13,23,63,30,19,10,25,5,3,0,0,0,3,21,28,5,27,19,19,58,27,38,01047.pdf,88
1229.HK,6,15,67,11,8,12,12,2,0,0,0,0,0,9,11,2,12,10,8,37,35,67,01229.pdf,88
1050.HK,14,22,64,25,7,8,14,10,4,0,0,0,4,16,16,10,30,22,7,55,36,46,01050.pdf,88
0259.HK,3,4,81,5,5,3,5,0,0,0,0,0,0,9,6,0,9,6,5,63,38,38,00259.pdf,88
1716.HK,7,11,74,9,7,2,9,2,1,0,0,0,1,6,10,2,12,9,7,48,49,61,01716.pdf,88
0491.HK,5,8,77,11,4,2,5,0,1,0,0,0,1,3,6,0,12,7,4,59,33,39,00491.pdf,88
0959.HK,4,7,77,7,5,3,6,1,0,0,0,0,0,3,7,1,7,7,5,53,37,49,00959.pdf,88
2368.HK,6,11,74,11,8,4,9,2,0,0,0,0,0,11,11,2,13,10,8,52,36,49,02368.pdf,88
3395.HK,6,14,69,10,5,4,8,0,0,0,0,4,0,9,12,0,15,8,5,35,38,70,03395.pdf,88
0475.HK,6,13,70,10,6,7,8,2,1,0,0,0,1,10,10,2,13,8,6,40,37,64,00475.pdf,88
1709.HK,7,13,72,11,7,3,10,2,0,0,0,0,0,10,9,2,12,9,7,48,41,57,01709.pdf,88
0684.HK,5,12,71,12,7,6,10,3,0,33,33,0,0,7,12,3,9,8,7,49,25,47,00684.pdf,88
1830.HK,7,10,76,8,5,3,7,3,1,33,33,0,1,9,5,3,14,11,5,51,50,58,01830.pdf,88
0627.HK,5,7,78,11,4,1,5,1,0,0,0,0,0,7,8,1,11,8,4,63,32,35,00627.pdf,88
0518.HK,11,17,70,16,14,10,23,5,3,0,0,0,3,21,19,5,19,13,14,53,43,53,00518.pdf,88
1559.HK,6,19,61,13,12,23,17,2,6,0,0,0,6,12,13,2,17,12,12,28,33,76,01559.pdf,88
2189.HK,4,6,78,7,4,1,4,0,4,0,0,0,4,6,5,0,8,7,4,56,42,48,02189.pdf,88
8195.HK,4,6,79,8,4,1,7,1,1,0,0,0,1,2,4,1,5,5,4,61,32,37,08195.pdf,88
8047.HK,2,6,77,6,2,1,3,0,0,0,0,0,0,4,4,0,5,6,2,48,24,48,08047.pdf,88
8299.HK,4,7,78,7,6,0,7,1,0,0,0,4,0,3,8,1,7,6,6,53,40,50,08299.pdf,88
8516.HK,4,11,72,9,5,2,7,1,1,0,0,4,1,8,9,1,8,8,5,40,29,60,08516.pdf,88
8320.HK,14,17,72,23,7,12,19,15,1,0,0,0,1,4,7,15,19,16,7,64,38,37,08320.pdf,88
8020.HK,7,12,73,16,5,3,7,2,3,0,0,0,3,6,6,2,11,11,5,59,27,37,08020.pdf,88
1319.HK,6,12,72,8,4,2,6,2,0,0,0,0,0,8,8,2,16,8,4,38,46,71,01319.pdf,88
8395.HK,7,13,72,9,5,3,8,3,11,0,0,0,11,7,8,3,13,9,5,43,48,67,08395.pdf,88
8067.HK,3,7,76,7,3,3,8,3,3,0,0,4,3,4,7,3,13,7,3,48,30,51,08067.pdf,88
0280.HK,4,6,79,6,3,2,6,1,0,0,0,0,0,3,5,1,9,6,3,57,42,47,00280.pdf,88
8315.HK,6,12,72,10,6,5,8,1,1,0,0,0,1,6,7,1,16,8,6,44,36,60,08315.pdf,88
0712.HK,10,15,71,18,3,4,5,1,0,0,0,0,0,15,4,1,8,6,3,58,34,42,00712.pdf,88
8316.HK,7,12,73,10,6,1,10,4,1,0,0,0,1,12,10,4,16,10,6,49,44,58,08316.pdf,88
8356.HK,5,8,77,10,6,2,9,2,1,0,0,0,1,7,10,2,9,7,6,59,33,39,08356.pdf,88
8221.HK,4,9,75,8,7,2,5,2,3,0,0,0,3,9,8,2,10,7,7,46,35,56,08221.pdf,88
8456.HK,4,7,77,8,5,4,7,0,0,0,0,0,0,9,8,0,14,7,5,56,33,44,08456.pdf,88
8111.HK,7,10,76,9,6,8,6,4,0,0,0,0,0,6,9,4,15,9,6,53,48,55,08111.pdf,88
1470.HK,2,4,79,5,1,1,2,2,0,0,0,0,0,2,2,2,6,4,1,55,26,41,01470.pdf,88
8193.HK,3,5,79,5,5,3,5,0,0,0,0,0,0,5,5,0,10,5,5,52,39,51,08193.pdf,88
1841.HK,6,10,74,9,5,2,6,2,4,0,0,0,4,7,10,2,13,9,5,50,42,55,01841.pdf,88
1660.HK,3,6,77,7,4,4,8,2,1,0,0,0,1,7,7,2,8,4,4,54,28,43,01660.pdf,88
8057.HK,7,11,75,10,5,2,7,0,1,0,0,0,1,10,9,0,11,8,5,51,44,54,08057.pdf,88
8103.HK,1,3,81,2,1,0,1,0,1,0,0,0,1,1,2,0,4,3,1,44,37,59,08103.pdf,88
2153.HK,7,14,70,12,6,9,6,0,9,0,0,0,9,7,11,0,25,11,6,44,39,60,02153.pdf,88
0204.HK,2,4,79,6,2,3,3,1,0,0,0,0,0,4,4,1,7,5,2,58,23,35,00204.pdf,88
1496.HK,7,7,79,12,5,2,7,1,0,0,0,0,0,10,8,1,11,7,5,67,36,32,01496.pdf,88
0985.HK,3,7,76,6,4,1,5,0,0,0,0,0,0,4,8,0,7,6,4,44,27,54,00985.pdf,88
8277.HK,7,12,73,10,6,5,9,2,3,0,0,0,3,12,12,2,14,8,6,48,48,60,08277.pdf,88
0973.HK,25,22,75,31,23,11,31,9,8,0,0,0,8,10,14,9,19,27,23,71,49,35,00973.pdf,88
0167.HK,5,6,80,10,0,0,0,0,0,0,0,0,0,11,0,0,1,2,0,67,35,32,00167.pdf,88
8072.HK,14,24,63,20,10,7,12,4,4,0,0,0,4,12,12,4,30,18,10,47,44,60,08072.pdf,88
0030.HK,8,14,71,11,5,5,7,1,0,0,0,4,0,10,9,1,15,11,5,46,43,60,00030.pdf,88
1323.HK,5,8,76,7,5,3,8,1,4,0,0,0,4,7,8,1,11,6,5,50,42,56,01323.pdf,88
1686.HK,7,9,78,9,5,3,8,2,0,0,0,4,0,3,7,2,15,9,5,60,46,46,01686.pdf,88
8341.HK,2,5,78,4,3,2,4,0,0,0,0,0,0,3,4,0,8,4,3,44,30,56,08341.pdf,88
0896.HK,12,23,62,27,8,5,11,4,1,0,0,4,1,12,15,4,27,22,8,54,28,43,00896.pdf,88
0674.HK,5,8,76,10,4,2,5,1,0,0,0,0,0,6,6,1,9,7,4,56,31,43,00674.pdf,88
8545.HK,4,6,78,6,3,3,5,1,1,0,0,0,1,5,4,1,6,5,3,54,45,52,08545.pdf,88
1341.HK,3,7,76,8,2,3,6,0,0,0,0,0,0,3,7,0,8,6,2,52,27,45,01341.pdf,88
0474.HK,6,9,76,13,5,3,6,1,1,0,0,0,1,12,9,1,13,8,5,60,28,35,00474.pdf,88
8096.HK,7,12,73,10,4,3,7,3,0,0,0,0,0,6,10,3,11,9,4,48,42,58,08096.pdf,88
8367.HK,4,8,76,7,4,2,5,2,3,0,0,0,3,5,7,2,10,6,4,49,37,54,08367.pdf,88
8319.HK,9,16,69,12,7,2,7,2,3,0,0,4,3,8,13,2,18,12,7,43,49,67,08319.pdf,88
8143.HK,7,11,74,13,6,4,7,0,0,0,0,0,0,8,11,0,13,11,6,56,32,42,08143.pdf,88
8220.HK,4,6,78,9,3,2,5,2,0,0,0,0,0,3,5,2,9,7,3,59,30,38,08220.pdf,88
2113.HK,5,6,79,8,4,2,6,1,1,0,0,0,1,6,11,1,12,6,4,62,38,38,02113.pdf,88
0321.HK,7,8,79,16,4,3,10,2,8,0,0,0,8,5,7,2,8,10,4,70,30,25,00321.pdf,88
8609.HK,7,13,72,11,7,6,14,2,3,0,0,0,3,7,11,2,12,10,7,48,43,58,08609.pdf,88
1757.HK,2,4,79,3,2,0,3,0,3,0,0,0,3,3,5,0,6,3,2,43,35,59,01757.pdf,88
0035.HK,18,17,76,23,7,8,16,6,1,0,0,0,1,8,11,6,26,22,7,69,48,37,00035.pdf,88
0343.HK,4,8,76,10,2,1,4,0,0,0,0,0,0,5,5,0,8,5,2,56,26,39,00343.pdf,88
0899.HK,13,17,71,17,11,4,14,5,3,0,0,4,3,13,14,5,19,15,11,57,48,50,00899.pdf,88
8200.HK,6,11,73,13,5,2,6,2,3,0,0,0,3,5,9,2,12,8,5,55,29,43,08200.pdf,88
8269.HK,4,9,75,7,5,3,6,1,1,0,0,0,1,14,9,1,13,6,5,43,37,61,08269.pdf,88
0557.HK,6,11,73,10,7,7,11,1,0,0,0,0,0,6,9,1,13,13,7,47,39,57,00557.pdf,88
8017.HK,7,13,71,11,7,8,13,4,4,0,0,0,4,8,8,4,21,9,7,47,36,55,08017.pdf,88
1621.HK,6,9,76,11,7,7,14,2,1,0,0,4,1,10,8,2,14,9,7,59,34,41,01621.pdf,88
8268.HK,4,7,77,7,5,4,7,1,6,0,0,0,6,6,8,1,10,4,5,49,36,53,08268.pdf,88
2221.HK,10,19,65,22,8,2,18,2,4,0,0,0,4,8,20,2,25,14,8,54,29,44,02221.pdf,88
8620.HK,3,11,71,8,6,6,9,2,1,0,0,0,1,4,9,2,9,7,6,34,28,67,08620.pdf,88
8447.HK,6,11,73,11,6,3,7,1,1,0,0,0,1,10,9,1,15,8,6,51,38,52,08447.pdf,88
0374.HK,3,3,81,5,3,1,4,0,0,0,0,0,0,1,4,0,3,3,3,64,31,33,00374.pdf,88
0919.HK,16,18,72,25,10,5,13,8,1,0,0,9,1,14,14,8,25,20,10,64,40,37,00919.pdf,88
1703.HK,11,15,72,18,10,2,13,3,14,0,0,0,14,15,15,3,17,15,10,59,38,43,01703.pdf,88
0262.HK,6,9,76,12,5,8,9,1,11,0,0,0,11,7,8,1,13,8,5,60,33,39,00262.pdf,88
3998.HK,25,26,69,29,17,13,21,8,27,0,0,4,27,24,25,8,28,23,17,64,54,46,03998.pdf,88
0060.HK,2,2,83,3,2,1,2,0,1,0,0,0,1,0,2,0,2,2,2,71,47,33,00060.pdf,88
0057.HK,14,20,67,26,17,13,24,4,6,0,0,4,6,26,31,4,23,15,17,60,32,39,00057.pdf,88
8347.HK,5,10,74,11,4,1,10,1,1,0,0,9,1,6,7,1,11,7,4,52,32,48,08347.pdf,88
6808.HK,21,21,73,29,10,12,18,3,6,0,0,4,6,18,17,3,27,22,10,68,46,36,06808.pdf,88
0794.HK,9,17,67,16,6,3,10,4,0,0,0,0,0,11,12,4,12,14,6,48,35,54,00794.pdf,88
0918.HK,3,5,78,4,3,2,3,2,1,0,0,0,1,2,6,2,5,6,3,45,46,63,00918.pdf,88
1222.HK,8,13,72,16,9,12,10,3,8,0,0,0,8,8,8,3,20,12,9,57,31,40,01222.pdf,88
1245.HK,8,11,75,10,5,5,5,1,3,0,0,4,3,4,9,1,11,14,5,54,49,54,01245.pdf,88
0897.HK,7,15,68,18,10,14,12,2,0,0,0,0,0,9,15,2,25,14,10,54,23,41,00897.pdf,88
0149.HK,6,9,75,12,4,2,5,1,1,0,0,0,1,17,10,1,12,10,4,58,32,40,00149.pdf,88
1243.HK,8,13,72,17,9,10,9,2,1,0,0,0,1,9,10,2,21,11,9,59,31,39,01243.pdf,88
1271.HK,2,3,80,5,2,1,3,0,1,0,0,0,1,5,4,0,7,3,2,61,28,35,01271.pdf,88
3789.HK,18,20,72,20,7,6,9,8,4,0,0,14,4,6,15,8,24,17,7,61,57,51,03789.pdf,88
0384.HK,33,44,51,47,27,31,25,13,29,0,0,0,29,24,46,13,55,49,27,58,44,47,00384.pdf,88
0224.HK,3,6,77,5,3,3,3,1,1,0,0,0,1,5,4,1,6,6,3,42,36,61,00224.pdf,88
1283.HK,5,10,73,11,5,3,6,1,4,0,0,0,4,7,9,1,14,7,5,51,31,48,01283.pdf,88
1220.HK,3,7,76,6,4,1,5,0,0,0,0,0,0,7,6,0,9,7,4,40,35,63,01220.pdf,88
6889.HK,15,13,79,19,3,2,4,1,1,0,0,42,1,10,6,1,26,19,3,71,50,35,06889.pdf,88
0992.HK,39,40,63,53,23,20,47,13,33,0,0,0,33,13,25,13,27,38,23,67,46,37,00992.pdf,88
8023.HK,5,10,73,11,7,3,7,2,1,0,0,0,1,12,9,2,12,8,7,52,27,45,08023.pdf,88
8222.HK,0,0,84,0,0,0,0,0,0,0,0,0,0,0,0,0,0,0,0,78,0,0,08222.pdf,88
0932.HK,7,13,71,10,7,6,9,2,4,0,0,0,4,6,8,2,13,10,7,45,42,61,00932.pdf,88
1213.HK,3,6,77,5,4,1,6,1,3,0,0,0,3,6,6,1,11,6,4,45,38,59,01213.pdf,88
0276.HK,9,17,68,22,12,5,12,2,0,0,0,0,0,15,23,2,21,19,12,57,26,38,00276.pdf,88
0125.HK,2,5,79,4,2,1,3,1,1,0,0,0,1,4,4,1,5,4,2,49,33,52,00125.pdf,88
1933.HK,5,3,84,7,3,5,4,1,1,0,0,0,1,3,1,1,6,5,3,79,46,23,01933.pdf,88
1825.HK,9,14,71,17,7,7,8,7,0,0,0,0,0,4,7,7,8,12,7,57,32,41,01825.pdf,88
1150.HK,2,3,81,3,2,1,2,0,4,0,0,0,4,4,2,0,6,3,2,55,41,48,01150.pdf,88
0403.HK,3,7,76,6,6,1,7,0,4,0,0,0,4,4,8,0,4,5,6,43,31,57,00403.pdf,88
8417.HK,5,15,66,9,4,3,8,2,1,0,0,0,1,7,8,2,14,9,4,22,39,86,08417.pdf,88
8428.HK,4,5,80,6,4,1,6,1,6,0,0,0,6,6,6,1,6,5,4,61,42,42,08428.pdf,88
0948.HK,5,7,78,9,6,3,6,2,1,0,0,0,1,5,7,2,8,6,6,60,36,40,00948.pdf,88
0223.HK,4,6,78,9,3,2,5,2,1,0,0,0,1,8,7,2,11,7,3,62,30,35,00223.pdf,88
1943.HK,4,9,74,8,4,1,6,2,4,0,0,0,4,4,9,2,14,8,4,47,33,53,01943.pdf,88
1466.HK,7,14,70,14,5,3,7,2,1,0,0,4,1,12,10,2,14,9,5,51,32,49,01466.pdf,88
1439.HK,11,17,70,16,6,3,13,8,0,0,0,0,0,11,11,8,17,15,6,53,42,51,01439.pdf,88
1662.HK,14,16,74,20,9,4,11,6,1,0,0,0,1,6,15,6,14,14,9,64,44,40,01662.pdf,88
0417.HK,7,14,71,15,8,7,10,3,1,0,0,0,1,8,10,3,14,9,8,52,32,47,00417.pdf,88
1633.HK,3,2,83,3,0,0,0,0,1,0,0,0,1,1,2,0,3,3,0,68,62,44,01633.pdf,88
8225.HK,1,1,83,2,0,0,1,0,3,0,0,0,3,2,0,0,3,2,0,74,41,27,08225.pdf,88
1455.HK,7,15,68,11,8,4,11,0,1,0,0,0,1,12,16,0,17,9,8,38,39,68,01455.pdf,88
8295.HK,8,9,78,16,6,3,7,2,3,0,0,0,3,8,11,2,20,12,6,68,32,29,08295.pdf,88
1682.HK,4,5,80,5,2,1,4,0,0,0,0,0,0,3,4,0,9,5,2,56,50,53,01682.pdf,88
2326.HK,8,14,71,18,9,8,16,2,0,0,0,0,0,8,20,2,12,10,9,58,29,39,02326.pdf,88
8130.HK,7,15,69,10,7,3,8,2,1,0,0,4,1,9,11,2,18,10,7,38,41,69,08130.pdf,88
8149.HK,7,11,73,9,5,4,6,2,1,33,33,0,1,10,6,2,14,8,5,47,45,60,08149.pdf,88
8507.HK,5,6,80,6,5,3,5,1,3,0,0,0,3,3,5,1,9,5,5,62,53,47,08507.pdf,88
1382.HK,18,24,66,24,10,18,19,2,3,0,0,4,3,20,17,2,18,19,10,57,47,50,01382.pdf,88
1867.HK,5,6,80,6,4,2,5,2,0,0,0,0,0,7,5,2,11,6,4,60,53,50,01867.pdf,88
0476.HK,3,5,78,6,3,5,5,0,1,0,0,0,1,6,5,0,9,6,3,55,30,43,00476.pdf,88
0886.HK,6,5,81,8,1,1,4,2,0,0,0,0,0,2,3,2,10,5,1,69,44,33,00886.pdf,88
8080.HK,2,5,78,5,2,1,2,1,1,0,0,0,1,3,5,1,6,4,2,51,27,46,08080.pdf,88
8065.HK,10,11,76,17,2,3,7,2,1,0,0,0,1,6,8,2,19,12,2,66,35,33,08065.pdf,88
0179.HK,28,26,72,28,16,14,27,15,1,0,0,0,1,16,25,15,34,25,16,66,61,47,00179.pdf,88
1188.HK,7,14,71,13,7,2,9,2,0,0,0,0,0,13,11,2,18,10,7,50,36,52,01188.pdf,88
0923.HK,7,13,71,12,9,2,13,1,0,0,0,0,0,3,14,1,11,12,9,49,35,53,00923.pdf,88
0596.HK,4,7,78,9,3,4,5,1,0,0,0,0,0,4,5,1,13,8,3,60,31,38,00596.pdf,88
0681.HK,11,16,70,20,10,11,17,2,1,0,0,4,1,13,24,2,20,13,10,59,34,41,00681.pdf,88
1580.HK,5,15,66,18,5,5,10,2,0,0,0,0,0,13,9,2,15,10,5,49,17,43,01580.pdf,88
1961.HK,6,11,73,9,6,4,8,3,3,0,0,0,3,10,8,3,18,10,6,43,45,65,01961.pdf,88
1076.HK,5,6,79,5,4,1,4,1,0,0,0,0,0,4,4,1,8,7,4,57,57,54,01076.pdf,88
1536.HK,4,9,74,8,5,2,4,1,0,33,33,0,0,6,11,1,10,7,5,46,31,53,01536.pdf,88
1115.HK,4,4,81,6,4,0,4,0,1,0,0,0,1,3,7,0,8,5,4,65,39,36,01115.pdf,88
1328.HK,9,12,75,14,5,5,11,0,3,0,0,9,3,8,10,0,20,13,5,60,42,44,01328.pdf,88
0493.HK,11,10,80,12,4,1,4,0,0,0,0,0,0,5,4,0,12,9,4,69,57,41,00493.pdf,88
0969.HK,6,9,76,10,9,7,15,0,0,0,0,4,0,2,11,0,12,11,9,55,38,47,00969.pdf,88
8159.HK,8,13,72,11,5,3,8,2,1,0,0,4,1,4,13,2,12,9,5,49,45,57,08159.pdf,88
0039.HK,5,7,77,9,2,4,6,2,0,0,0,0,0,4,4,2,8,6,2,59,33,40,00039.pdf,88
3933.HK,59,74,33,81,43,38,53,7,35,0,0,19,35,52,71,7,96,75,43,60,44,45,03933.pdf,88
1282.HK,10,12,75,18,6,5,7,3,11,0,0,0,11,8,17,3,16,13,6,64,33,34,01282.pdf,88
2233.HK,0,0,84,0,0,0,0,0,0,0,0,0,0,0,0,0,0,0,0,78,0,0,02233.pdf,88
0738.HK,5,8,76,8,4,3,6,2,1,0,0,0,1,7,9,2,14,5,4,54,36,48,00738.pdf,88
1210.HK,12,15,73,21,7,3,15,5,3,0,0,4,3,8,15,5,17,16,7,63,36,36,01210.pdf,88
0412.HK,8,11,74,11,4,2,5,2,1,0,0,0,1,6,6,2,17,12,4,55,44,51,00412.pdf,88
0574.HK,5,12,72,8,6,4,9,3,0,0,0,0,0,9,9,3,9,8,6,37,41,69,00574.pdf,88
0727.HK,5,9,75,11,5,1,7,2,1,0,0,0,1,16,8,2,15,8,5,56,28,40,00727.pdf,88
1586.HK,11,15,72,15,6,5,10,5,1,0,0,0,1,10,13,5,19,13,6,55,46,51,01586.pdf,88
0608.HK,11,8,82,10,5,5,9,4,12,0,0,0,12,6,8,4,11,12,5,74,67,40,00608.pdf,88
0355.HK,15,18,71,24,16,14,20,7,6,0,0,0,6,14,17,7,22,22,16,62,39,39,00355.pdf,88
0617.HK,15,18,71,23,16,14,20,7,6,0,0,0,6,14,17,7,22,23,16,62,39,39,00617.pdf,88
0078.HK,11,14,73,19,12,7,14,7,6,0,0,0,6,14,14,7,19,20,12,62,37,39,00078.pdf,88
0120.HK,7,11,75,11,7,5,10,5,3,0,0,0,3,8,9,5,13,11,7,56,41,48,00120.pdf,88
1620.HK,3,4,80,4,3,3,4,1,0,0,0,0,0,4,7,1,6,4,3,49,49,60,01620.pdf,88
0444.HK,4,8,75,8,3,1,3,1,0,0,0,0,0,4,4,1,7,6,3,49,32,51,00444.pdf,88
0104.HK,0,1,83,1,0,1,1,0,0,0,0,0,0,0,0,0,1,0,0,53,41,52,00104.pdf,88
0381.HK,6,11,73,9,5,1,8,1,0,0,0,0,0,11,9,1,12,9,5,45,38,59,00381.pdf,88
1801.HK,21,22,72,26,7,6,8,1,11,0,0,0,11,13,18,1,35,23,7,64,52,43,01801.pdf,88
0385.HK,3,4,81,4,2,1,3,0,0,0,0,0,0,1,4,0,5,4,2,60,50,48,00385.pdf,88
1556.HK,4,6,78,6,3,2,5,1,0,0,0,0,0,2,6,1,7,6,3,52,43,53,01556.pdf,88
0802.HK,3,4,80,4,2,0,1,0,0,0,0,0,0,3,3,0,7,4,2,55,50,53,00802.pdf,88
0815.HK,4,9,75,8,4,6,11,0,0,0,0,0,0,3,10,0,8,5,4,48,34,53,00815.pdf,88
1815.HK,3,5,79,5,3,5,5,0,1,0,0,0,1,2,5,0,7,4,3,53,35,48,01815.pdf,88
3398.HK,6,15,67,12,9,8,12,4,0,0,0,0,0,10,12,4,16,11,9,39,32,63,03398.pdf,88
1134.HK,6,12,72,11,7,2,9,1,0,0,0,0,0,9,12,1,13,10,7,48,32,52,01134.pdf,88
1895.HK,17,20,71,25,9,2,9,2,3,0,0,0,3,12,22,2,35,25,9,63,43,41,01895.pdf,88
1463.HK,5,9,76,7,3,2,5,1,0,0,0,0,0,5,6,1,10,7,3,46,47,63,01463.pdf,88
0828.HK,10,17,67,15,7,4,11,2,3,0,0,0,3,16,26,2,21,15,7,47,39,57,00828.pdf,88
2329.HK,8,15,69,13,6,7,10,2,8,0,0,0,8,9,12,2,27,12,6,45,38,59,02329.pdf,88
1189.HK,3,6,78,9,3,2,5,0,0,0,0,0,0,4,5,0,9,6,3,61,26,34,01189.pdf,88
0694.HK,21,17,79,21,4,5,6,3,0,0,0,0,0,10,22,3,20,18,4,72,61,40,00694.pdf,88
0258.HK,2,4,80,5,1,1,2,0,1,0,0,0,1,3,2,0,8,4,1,60,29,37,00258.pdf,88
0845.HK,5,11,73,8,3,4,6,3,1,0,0,0,1,7,8,3,13,6,3,41,41,65,00845.pdf,88
6133.HK,5,7,78,7,4,1,5,1,1,0,0,0,1,4,11,1,13,5,4,57,45,48,06133.pdf,88
1094.HK,4,6,79,6,3,3,6,1,3,0,0,0,3,3,4,1,6,4,3,55,41,49,01094.pdf,88
0547.HK,9,12,74,12,9,5,9,2,4,0,0,0,4,10,12,2,18,13,9,56,48,52,00547.pdf,88
9666.HK,14,17,72,19,4,5,9,3,1,0,0,0,1,6,11,3,25,19,4,61,46,45,09666.pdf,88
3348.HK,9,15,70,13,6,5,12,2,1,0,0,0,1,7,13,2,15,10,6,49,44,57,03348.pdf,88
0853.HK,19,21,71,27,8,5,9,4,12,33,33,0,12,17,18,4,36,30,8,65,42,38,00853.pdf,88
0096.HK,4,4,81,5,4,2,3,1,0,0,0,0,0,1,4,1,7,6,4,65,46,40,00096.pdf,88
1117.HK,15,19,70,25,7,6,10,3,1,0,0,4,1,10,19,3,15,19,7,62,37,39,01117.pdf,88
0638.HK,9,16,69,21,9,6,11,2,4,0,0,0,4,11,17,2,19,14,9,57,27,39,00638.pdf,88
0467.HK,12,14,75,17,6,6,8,1,3,0,0,9,3,7,10,1,18,14,6,64,45,41,00467.pdf,88
1285.HK,12,17,70,15,9,5,11,6,11,0,0,0,11,20,22,6,22,14,9,53,49,56,01285.pdf,88
1239.HK,5,8,77,8,4,1,6,1,0,0,0,0,0,9,7,1,10,7,4,54,44,51,01239.pdf,88
1617.HK,16,16,76,18,8,5,9,3,1,0,0,14,1,9,16,3,20,15,8,66,55,44,01617.pdf,88
6123.HK,5,11,73,10,6,2,8,2,0,0,0,0,0,8,11,2,14,11,6,47,34,54,06123.pdf,88
3990.HK,38,29,78,42,12,10,15,4,17,0,0,0,17,18,24,4,42,59,12,74,56,35,03990.pdf,88
1545.HK,6,15,68,11,6,8,10,1,9,0,0,0,9,12,10,1,13,8,6,40,35,63,01545.pdf,88
0426.HK,2,3,80,4,1,1,4,4,0,0,0,4,0,0,2,4,4,4,1,57,35,43,00426.pdf,88
6622.HK,5,11,72,14,6,4,10,2,1,0,0,4,1,7,9,2,12,12,6,53,24,42,06622.pdf,88
0401.HK,4,9,74,11,5,2,5,1,0,0,0,0,0,4,7,1,11,7,5,52,26,45,00401.pdf,88
0604.HK,37,35,68,45,21,18,22,7,9,33,33,14,9,25,34,7,41,41,21,68,51,39,00604.pdf,88
1851.HK,6,12,72,12,5,2,6,1,1,0,0,0,1,11,7,1,11,16,5,51,33,49,01851.pdf,88
1250.HK,19,19,74,24,13,32,24,3,1,0,0,9,1,10,21,3,19,17,13,66,49,40,01250.pdf,88
0951.HK,9,10,78,15,2,2,5,3,6,0,0,0,6,12,10,3,12,11,2,66,38,34,00951.pdf,88
2142.HK,18,16,77,20,6,2,8,2,1,0,0,0,1,14,16,2,20,18,6,69,58,41,02142.pdf,88
1198.HK,4,8,75,9,4,3,10,2,0,0,0,0,0,6,9,2,11,8,4,52,32,48,01198.pdf,88
2668.HK,5,12,71,9,6,1,9,2,0,0,0,4,0,11,10,2,15,9,6,40,37,64,02668.pdf,88
1316.HK,26,25,72,29,15,9,22,19,11,0,0,9,11,9,21,19,27,26,15,66,55,44,01316.pdf,88
0895.HK,21,22,72,32,23,4,33,3,6,0,0,0,6,25,36,3,27,20,23,67,40,34,00895.pdf,88
3666.HK,11,21,64,20,9,8,11,2,1,0,0,0,1,17,22,2,30,16,9,49,36,53,03666.pdf,88
1225.HK,3,4,80,4,2,1,3,1,0,0,0,4,0,4,4,1,9,4,2,54,47,53,01225.pdf,88
1837.HK,5,12,71,10,4,2,6,4,0,0,0,0,0,6,11,4,14,11,4,42,36,62,01837.pdf,88
0205.HK,2,5,79,5,3,3,4,2,0,0,0,4,0,3,4,2,10,4,3,54,30,45,00205.pdf,88
1400.HK,3,6,78,4,3,2,4,1,1,0,0,0,1,6,5,1,4,4,3,42,43,65,01400.pdf,88
2266.HK,8,15,69,12,7,5,11,2,0,0,0,0,0,10,12,2,21,12,7,45,40,60,02266.pdf,88
2131.HK,10,16,69,17,7,7,7,1,1,0,0,0,1,9,11,1,29,18,7,53,37,49,02131.pdf,88
0981.HK,34,27,76,43,13,7,21,3,30,0,0,4,30,20,22,3,44,43,13,73,49,31,00981.pdf,88
1917.HK,7,9,76,14,5,3,7,2,0,0,0,0,0,8,6,2,11,10,5,63,30,33,01917.pdf,88
6193.HK,4,7,77,6,3,1,4,1,1,0,0,0,1,8,6,1,8,5,3,48,41,56,06193.pdf,88
8425.HK,5,5,80,5,2,1,4,0,3,0,0,0,3,4,5,0,5,3,2,59,63,56,08425.pdf,88
3600.HK,6,10,74,8,5,3,6,2,0,0,0,0,0,5,6,2,8,6,5,45,44,63,03600.pdf,88
6998.HK,10,14,73,14,5,3,7,0,0,0,0,0,0,14,12,0,15,13,5,55,45,51,06998.pdf,88
6668.HK,9,14,73,13,6,5,10,1,3,0,0,0,3,11,11,1,21,14,6,55,43,50,06668.pdf,88
0663.HK,4,8,76,8,5,3,8,1,1,0,0,0,1,5,8,1,8,6,5,52,36,50,00663.pdf,88
0048.HK,3,6,77,7,2,0,4,0,1,0,0,0,1,3,7,0,8,6,2,51,28,47,00048.pdf,88
0425.HK,26,26,71,30,9,13,18,5,11,33,33,19,11,14,23,5,23,28,9,66,55,44,00425.pdf,88
1820.HK,9,13,74,13,10,6,20,6,0,0,0,0,0,4,13,6,13,11,10,55,46,51,01820.pdf,88
1995.HK,32,35,63,41,10,5,10,4,45,33,33,4,45,29,26,4,61,49,10,63,48,43,01995.pdf,88
0397.HK,8,17,67,17,8,6,11,2,11,0,0,0,11,7,14,2,21,14,8,50,31,49,00397.pdf,88
1165.HK,6,11,74,10,7,7,10,2,3,0,0,0,3,8,9,2,12,10,7,52,38,51,01165.pdf,88
2098.HK,16,22,66,21,13,14,18,5,1,0,0,9,1,15,18,5,26,20,13,55,47,53,02098.pdf,88
2120.HK,7,12,73,13,5,11,8,3,1,0,0,4,1,8,8,3,17,20,5,54,34,46,02120.pdf,88
1259.HK,4,8,76,7,3,1,7,2,1,0,0,0,1,5,6,2,7,7,3,48,43,58,01259.pdf,88
9968.HK,9,14,72,11,4,4,6,4,9,0,0,0,9,5,8,4,14,10,4,49,50,61,09968.pdf,88
1676.HK,5,11,73,11,6,2,8,3,0,0,0,0,0,13,10,3,13,8,6,49,31,50,01676.pdf,88
2727.HK,52,35,82,55,13,22,24,4,4,0,0,9,4,23,33,4,47,41,13,77,59,32,02727.pdf,88
1699.HK,16,18,73,24,7,3,11,2,3,0,0,0,3,14,22,2,26,22,7,64,42,38,01699.pdf,88
1252.HK,7,9,77,11,6,9,9,2,1,0,0,0,1,8,10,2,11,9,6,63,42,40,01252.pdf,88
3778.HK,3,4,80,5,2,4,3,0,0,0,0,0,0,4,4,0,4,3,2,57,42,47,03778.pdf,88
2616.HK,6,13,70,12,6,3,8,2,0,0,0,4,0,7,12,2,20,11,6,45,30,54,02616.pdf,88
6618.HK,27,27,70,29,5,5,9,1,9,0,0,4,9,16,13,1,35,41,5,64,58,47,06618.pdf,88
0589.HK,12,13,76,15,8,5,12,5,6,0,0,4,6,22,13,5,19,12,8,64,51,44,00589.pdf,88
1483.HK,7,12,72,15,10,10,13,4,1,0,0,0,1,8,10,4,11,10,10,56,31,43,01483.pdf,88
3363.HK,5,12,71,18,4,2,8,2,1,0,0,0,1,11,11,2,9,9,4,59,18,32,03363.pdf,88
0524.HK,5,9,75,8,3,1,6,1,0,0,0,0,0,9,4,1,14,6,3,46,37,57,00524.pdf,88
1293.HK,13,17,72,17,5,3,9,3,3,0,0,4,3,17,15,3,22,16,5,58,47,48,01293.pdf,88
1028.HK,12,8,84,12,1,0,3,4,1,0,0,0,1,10,6,4,16,9,1,79,63,33,01028.pdf,88
2341.HK,23,22,74,31,9,8,20,8,8,0,0,0,8,22,19,8,23,17,9,69,47,36,02341.pdf,88
9977.HK,10,13,75,22,5,1,6,3,0,0,0,0,0,7,12,3,12,14,5,66,29,29,09977.pdf,88
0486.HK,54,69,36,86,43,36,68,25,41,0,0,0,41,46,52,25,75,76,43,62,39,40,00486.pdf,88
3337.HK,32,34,64,34,15,15,21,4,9,0,0,0,9,30,25,4,50,36,15,62,57,49,03337.pdf,88
3692.HK,28,34,61,36,18,16,19,1,12,0,0,4,12,26,24,1,30,30,18,59,48,47,03692.pdf,88
6896.HK,5,5,80,6,4,7,5,0,0,0,0,0,0,6,8,0,8,5,4,62,50,46,06896.pdf,88
2186.HK,16,36,46,27,15,10,21,2,4,0,0,0,4,22,35,2,26,28,15,38,36,66,02186.pdf,88
1110.HK,7,9,77,10,5,4,6,0,6,0,0,0,6,9,8,0,18,12,5,60,46,46,01110.pdf,88
1181.HK,16,19,70,21,6,5,10,2,19,0,0,0,19,12,14,2,20,18,6,59,47,47,01181.pdf,88
0095.HK,10,14,73,23,5,3,9,4,3,0,0,4,3,9,12,4,16,16,5,64,29,31,00095.pdf,88
6918.HK,3,5,78,7,4,3,8,0,0,0,0,0,0,4,7,0,7,4,4,57,23,37,06918.pdf,88
0702.HK,6,10,74,15,3,3,8,2,0,0,0,0,0,8,8,2,12,10,3,60,26,35,00702.pdf,88
1500.HK,5,6,79,8,4,4,6,2,3,0,0,0,3,4,6,2,7,6,4,62,38,39,01500.pdf,88
0732.HK,5,7,77,9,6,1,8,1,1,0,0,0,1,5,9,1,6,6,6,60,35,40,00732.pdf,88
6882.HK,8,12,74,15,6,3,10,3,4,0,0,4,4,6,9,3,13,10,6,59,34,40,06882.pdf,88
0976.HK,8,15,69,22,14,6,19,3,1,0,0,0,1,5,16,3,9,13,14,58,24,36,00976.pdf,88
0251.HK,5,13,69,11,8,3,11,3,1,0,0,0,1,7,11,3,21,11,8,40,32,61,00251.pdf,88
6136.HK,19,17,78,21,8,10,12,2,11,100,100,4,11,44,23,2,23,22,8,70,55,39,06136.pdf,88
1475.HK,7,9,77,15,8,4,11,1,0,0,0,0,0,7,12,1,10,11,8,65,30,31,01475.pdf,88
1569.HK,5,8,76,12,5,3,7,0,0,0,0,0,0,5,7,0,9,13,5,60,26,35,01569.pdf,88
1327.HK,3,7,76,6,4,1,5,0,0,0,0,0,0,7,6,0,11,6,4,43,38,61,01327.pdf,88
1600.HK,16,19,71,21,7,10,12,3,0,0,0,0,0,12,27,3,24,20,7,61,48,45,01600.pdf,88
1298.HK,6,9,76,7,7,5,11,0,6,0,0,4,6,5,11,0,10,7,7,48,48,61,01298.pdf,88
1873.HK,15,20,70,18,12,9,14,2,1,0,0,0,1,13,17,2,17,14,12,56,52,54,01873.pdf,88
0103.HK,14,22,64,23,12,8,21,2,4,0,0,0,4,20,21,2,33,19,12,54,37,48,00103.pdf,88
1128.HK,21,22,71,28,9,3,15,10,20,0,0,0,20,10,13,10,28,32,9,65,47,40,01128.pdf,88
9979.HK,15,12,81,16,6,4,5,2,1,0,0,9,1,7,10,2,18,24,6,73,57,36,09979.pdf,88
3603.HK,9,19,65,15,5,3,9,0,0,0,0,0,0,13,13,0,20,13,5,42,36,61,03603.pdf,88
1057.HK,5,10,74,9,5,5,10,0,0,0,0,0,0,5,11,0,11,9,5,48,35,54,01057.pdf,88
1681.HK,16,27,60,24,9,7,13,2,19,0,0,4,19,12,21,2,26,22,9,49,42,56,01681.pdf,88
2307.HK,3,7,76,6,6,1,8,0,3,0,0,0,3,4,9,0,5,6,6,42,34,60,02307.pdf,88
1469.HK,8,14,70,17,6,5,8,1,1,0,0,0,1,7,7,1,22,12,6,55,29,42,01469.pdf,88
6083.HK,8,15,70,12,10,7,14,2,1,0,0,9,1,10,16,2,14,11,10,45,42,61,06083.pdf,88
0064.HK,8,15,70,18,6,5,8,1,1,0,0,0,1,7,7,1,23,12,6,55,28,42,00064.pdf,88
0521.HK,10,16,69,20,6,2,7,5,20,0,0,9,20,12,12,5,13,15,6,57,31,42,00521.pdf,88
0288.HK,25,28,66,29,15,19,26,5,3,0,0,0,3,13,27,5,30,29,15,61,54,49,00288.pdf,88
1503.HK,10,16,70,20,8,4,9,0,4,0,0,0,4,10,14,0,19,19,8,57,31,40,01503.pdf,88
2878.HK,5,4,82,6,4,1,4,1,3,0,0,4,3,1,4,1,7,4,4,70,56,39,02878.pdf,88
6838.HK,4,9,74,8,6,3,8,1,1,0,0,0,1,8,13,1,9,7,6,44,33,57,06838.pdf,88
1476.HK,6,10,74,12,7,9,5,1,0,0,0,9,0,7,9,1,16,11,7,55,33,44,01476.pdf,88
9969.HK,6,16,67,13,7,4,10,0,3,0,0,0,3,11,13,0,20,11,7,42,31,58,09969.pdf,88
0750.HK,10,14,73,19,8,8,13,2,1,0,0,0,1,16,16,2,19,12,8,61,33,38,00750.pdf,88
9616.HK,19,20,73,26,10,14,12,2,17,0,0,9,17,19,17,2,29,31,10,66,46,38,09616.pdf,88
3633.HK,12,18,69,17,13,15,15,4,3,0,0,0,3,18,20,4,29,15,13,53,45,53,03633.pdf,88
0866.HK,5,10,73,12,6,3,9,4,1,0,0,0,1,5,8,4,12,7,6,53,27,43,00866.pdf,88
1803.HK,11,12,76,18,8,5,8,4,3,0,0,0,3,11,11,4,17,14,8,66,36,33,01803.pdf,88
1800.HK,21,15,82,30,13,8,13,3,6,0,0,0,6,12,15,3,21,20,13,76,42,25,01800.pdf,88
0079.HK,6,10,75,9,5,2,7,2,1,0,0,0,1,8,7,2,11,7,5,51,42,54,00079.pdf,88
1551.HK,59,63,48,73,28,20,19,9,48,66,66,0,48,28,28,9,71,68,28,64,50,43,01551.pdf,88
1925.HK,4,4,81,7,3,1,7,1,4,0,0,0,4,4,7,1,6,4,3,69,37,30,01925.pdf,88
1916.HK,22,28,64,31,10,3,8,7,1,0,0,9,1,13,10,7,30,26,10,60,45,45,01916.pdf,88
1216.HK,22,27,66,30,13,10,10,1,3,0,0,4,3,10,11,1,30,28,13,61,45,44,01216.pdf,88
2232.HK,17,14,79,19,10,13,17,7,0,0,0,0,0,6,8,7,15,19,10,71,54,38,02232.pdf,88
6996.HK,8,16,68,13,7,5,9,2,3,0,0,0,3,8,12,2,17,13,7,45,38,59,06996.pdf,88
3668.HK,27,30,66,32,12,14,26,0,0,0,0,4,0,12,12,0,17,28,12,62,50,46,03668.pdf,88
0305.HK,16,18,73,20,10,10,13,2,8,0,0,9,8,17,15,2,23,17,10,63,51,45,00305.pdf,88
9936.HK,7,9,77,10,7,6,10,0,1,0,0,0,1,6,11,0,13,11,7,59,41,44,09936.pdf,88
0837.HK,9,13,73,12,9,7,12,3,3,0,0,0,3,19,17,3,14,10,9,52,47,55,00837.pdf,88
0865.HK,3,5,79,5,4,8,7,0,0,0,0,0,0,5,4,0,4,3,4,52,34,49,00865.pdf,88
0950.HK,1,3,80,3,2,0,4,1,3,0,0,0,3,1,3,1,2,2,2,46,26,51,00950.pdf,88
8326.HK,6,10,74,10,6,8,9,2,0,0,0,0,0,12,10,2,16,10,6,52,39,52,08326.pdf,88
1760.HK,4,9,74,9,4,2,7,0,3,0,0,0,3,6,5,0,20,7,4,46,31,54,01760.pdf,88
1575.HK,7,10,76,13,4,1,7,2,0,0,0,0,0,8,12,2,14,10,4,60,36,40,01575.pdf,88
1024.HK,22,23,71,30,14,5,8,2,22,0,0,14,22,13,16,2,30,33,14,66,44,38,01024.pdf,88
2608.HK,12,13,76,16,7,12,12,0,1,0,0,0,1,10,11,0,19,16,7,64,46,41,02608.pdf,88
0261.HK,1,1,84,2,1,0,1,1,1,0,0,0,1,2,2,1,3,2,1,77,42,24,00261.pdf,88
0138.HK,1,0,84,1,0,0,1,1,4,0,0,0,4,2,1,1,3,2,0,85,62,25,00138.pdf,88
6958.HK,20,15,81,28,5,6,6,3,1,0,0,0,1,18,12,3,28,23,5,75,44,27,06958.pdf,88
0392.HK,31,26,76,35,18,14,31,6,22,0,0,4,22,18,28,6,34,36,18,71,55,37,00392.pdf,88
1068.HK,10,19,65,18,5,3,8,1,6,0,0,4,6,11,14,1,16,15,5,49,35,52,01068.pdf,88
1153.HK,8,13,72,12,5,4,7,2,0,0,0,0,0,8,8,2,22,11,5,49,40,55,01153.pdf,88
1051.HK,3,5,79,5,4,1,4,1,4,0,0,0,4,2,4,1,7,5,4,49,47,59,01051.pdf,88
8296.HK,4,5,80,8,3,1,5,1,0,0,0,0,0,7,5,1,10,7,3,63,30,33,08296.pdf,88
0556.HK,6,10,75,13,8,5,8,2,0,0,0,0,0,8,11,2,12,9,8,59,31,39,00556.pdf,88
0602.HK,6,13,71,15,5,2,8,1,3,0,0,0,3,11,13,1,19,11,5,55,26,41,00602.pdf,88
3738.HK,3,6,77,4,3,1,4,1,1,0,0,0,1,3,5,1,5,3,3,38,40,68,03738.pdf,88
1993.HK,4,8,75,8,4,3,6,1,3,0,0,4,3,5,8,1,9,6,4,50,32,51,01993.pdf,88
6608.HK,19,18,75,24,8,4,8,2,1,0,0,0,1,12,14,2,29,25,8,68,49,38,06608.pdf,88
0254.HK,4,5,79,7,2,0,5,1,0,0,0,0,0,5,6,1,6,4,2,62,34,36,00254.pdf,88
1888.HK,11,15,73,22,11,3,18,4,1,33,33,4,1,17,20,4,23,15,11,63,33,34,01888.pdf,88
0148.HK,12,15,72,23,11,3,20,4,1,33,33,4,1,18,21,4,23,16,11,64,31,33,00148.pdf,88
0320.HK,12,16,71,16,12,4,15,1,1,0,0,4,1,11,17,1,20,14,12,56,46,51,00320.pdf,88
1381.HK,20,27,63,27,17,14,23,8,6,0,0,0,6,25,26,8,23,23,17,55,45,50,01381.pdf,88
9983.HK,31,34,63,52,12,7,10,5,16,0,0,9,16,20,23,5,44,46,12,66,37,33,09983.pdf,88
1881.HK,11,13,75,16,11,6,14,7,4,0,0,0,4,11,13,7,15,23,11,63,40,40,01881.pdf,88
0798.HK,36,29,75,47,8,9,8,6,1,0,0,4,1,14,22,6,38,38,8,73,47,31,00798.pdf,88
0345.HK,15,17,74,20,7,7,13,12,0,33,33,4,0,5,8,12,9,21,7,64,48,42,00345.pdf,88
0631.HK,23,23,72,28,16,17,20,7,3,0,0,0,3,14,23,7,31,23,16,66,52,42,00631.pdf,88
9668.HK,56,43,75,58,23,8,8,7,19,0,0,0,19,28,17,7,57,42,23,74,60,37,09668.pdf,88
1792.HK,4,9,74,8,4,1,4,1,0,0,0,0,0,4,7,1,8,6,4,42,37,62,01792.pdf,88
1538.HK,5,9,76,12,4,3,6,2,0,0,0,0,0,7,8,2,17,11,4,61,28,35,01538.pdf,88
2159.HK,5,9,75,8,4,5,8,1,1,0,0,0,1,6,5,1,11,7,4,45,39,59,02159.pdf,88
1268.HK,2,3,81,3,2,0,5,1,0,0,0,0,0,2,4,1,7,3,2,59,42,45,01268.pdf,88
1832.HK,9,12,74,15,6,3,7,0,4,0,0,0,4,10,12,0,21,14,6,59,36,41,01832.pdf,88
1090.HK,6,9,76,12,5,2,8,2,4,0,0,0,4,11,9,2,15,12,5,60,34,40,01090.pdf,88
9995.HK,12,13,76,17,6,3,10,2,0,0,0,0,0,11,19,2,20,16,6,65,43,38,09995.pdf,88
0408.HK,7,12,73,17,4,4,8,2,1,0,0,4,1,8,10,2,10,9,4,60,28,36,00408.pdf,88
3321.HK,6,10,75,9,6,4,10,1,1,0,0,0,1,2,9,1,14,10,6,49,40,55,03321.pdf,88
1231.HK,7,10,75,8,5,4,5,2,1,0,0,0,1,7,6,2,10,7,5,50,49,58,01231.pdf,88
3882.HK,6,10,75,10,7,4,8,2,3,0,0,0,3,9,11,2,12,8,7,52,40,51,03882.pdf,88
0348.HK,6,9,76,11,3,2,4,2,0,0,0,0,0,6,6,2,11,9,3,58,37,43,00348.pdf,88
0081.HK,6,12,71,11,5,4,9,3,3,0,0,0,3,11,8,3,16,10,5,45,37,58,00081.pdf,88
0637.HK,0,0,84,0,0,0,0,0,0,0,0,0,0,0,0,0,0,0,0,78,0,0,00637.pdf,88
0393.HK,7,8,79,10,3,2,4,2,1,0,0,0,1,2,5,2,9,9,3,64,42,39,00393.pdf,88
1168.HK,6,14,69,12,5,2,5,2,3,0,0,0,3,5,9,2,18,11,5,43,33,59,01168.pdf,88
0163.HK,6,8,78,12,4,3,5,1,4,0,0,0,4,3,7,1,13,9,4,66,33,32,00163.pdf,88
0296.HK,4,6,78,8,3,1,4,1,1,0,0,0,1,3,5,1,9,6,3,60,37,41,00296.pdf,88
1201.HK,6,9,76,10,7,3,10,2,1,0,0,0,1,8,10,2,11,9,7,56,38,46,01201.pdf,88
0611.HK,10,19,66,16,9,17,16,2,0,0,0,4,0,10,16,2,17,13,9,47,39,57,00611.pdf,88
1811.HK,23,31,61,32,17,38,26,6,9,0,0,14,9,12,28,6,28,23,17,57,46,49,01811.pdf,88
0579.HK,19,21,71,21,13,13,18,3,6,0,0,0,6,9,28,3,23,19,13,60,56,51,00579.pdf,88
1203.HK,12,21,65,19,14,12,20,2,0,0,0,0,0,22,30,2,22,13,14,50,39,54,01203.pdf,88
1777.HK,9,15,70,15,6,6,7,2,16,0,0,4,16,11,9,2,16,14,6,51,37,51,01777.pdf,88
1778.HK,9,14,71,14,5,3,5,2,8,0,0,0,8,12,11,2,18,14,5,52,41,52,01778.pdf,88
1558.HK,24,30,63,32,11,7,17,5,9,0,0,0,9,24,26,5,31,24,11,59,46,46,01558.pdf,88
1461.HK,15,13,79,18,11,5,7,0,9,33,33,4,9,14,10,0,22,14,11,71,52,36,01461.pdf,88
0821.HK,4,6,78,9,4,3,7,2,1,0,0,0,1,9,5,2,10,7,4,61,29,35,00821.pdf,88
0978.HK,13,20,66,21,7,4,12,2,1,33,33,0,1,20,24,2,31,19,7,54,38,48,00978.pdf,88
1521.HK,5,14,69,11,5,2,6,2,0,0,0,0,0,7,12,2,13,10,5,40,32,62,01521.pdf,88
1237.HK,5,13,69,13,11,3,11,2,1,0,0,0,1,14,14,2,11,9,11,47,25,50,01237.pdf,88
1122.HK,6,12,72,11,9,5,14,1,1,0,0,0,1,12,14,1,9,8,9,49,36,54,01122.pdf,88
2389.HK,7,12,72,17,5,2,6,2,6,0,0,14,6,9,11,2,17,13,5,59,25,36,02389.pdf,88
2013.HK,12,12,78,14,4,2,6,1,3,0,0,9,3,10,7,1,20,12,4,67,54,42,02013.pdf,88
2148.HK,5,11,72,9,5,2,7,0,3,0,0,4,3,8,8,0,15,7,5,43,35,60,02148.pdf,88
6999.HK,5,9,75,8,5,4,10,1,4,0,0,0,4,9,10,1,10,7,5,49,38,54,06999.pdf,88
1138.HK,24,22,74,26,12,6,14,2,1,0,0,4,1,11,29,2,24,31,12,67,56,42,01138.pdf,88
1966.HK,9,17,68,23,10,14,14,2,1,0,0,4,1,11,14,2,27,13,10,58,26,37,01966.pdf,88
0653.HK,5,13,69,16,5,3,8,1,4,0,0,0,4,6,9,1,16,9,5,51,20,42,00653.pdf,88
0603.HK,8,18,65,19,5,5,10,2,1,0,0,0,1,7,16,2,13,10,5,50,28,48,00603.pdf,88
0018.HK,5,6,79,7,4,7,9,1,0,0,0,0,0,6,8,1,17,6,4,60,42,44,00018.pdf,88
6190.HK,23,22,74,31,9,5,6,6,17,0,0,4,17,11,6,6,29,29,9,70,46,34,06190.pdf,88
0657.HK,1,4,79,6,3,3,4,0,3,0,0,0,3,2,3,0,4,4,3,57,16,33,00657.pdf,88
0063.HK,5,7,78,7,6,3,8,1,0,0,0,0,0,4,9,1,11,8,6,57,47,49,00063.pdf,88
2683.HK,6,12,73,10,6,7,9,2,1,0,0,0,1,5,9,2,14,10,6,48,40,57,02683.pdf,88
2117.HK,5,10,73,13,7,6,11,4,1,0,0,0,1,9,10,4,16,9,7,55,27,41,02117.pdf,88
